id,kind,item,rule,sources,reviewer,status,defined_in,decision,reviewer_role,date,note
"RF-breathing","red-flag","Severe breathing difficulty","Emergency Mode opens at once when this is found in anything the patient types or says, or ticked in the checklist: ""Severe difficulty breathing, choking, or lips turning blue"". Guidance shown while waiting: Help the person sit upright. / Loosen tight clothing. / If they have their own prescribed inhaler, help them use it.","International First Aid, Resuscitation, and Education Guidelines 2020 — International Federation of Red Cross and Red Crescent Societies (IFRC) (not yet checked)","clinician","NEEDS CLINICIAN REVIEW","app/lib/safety/redFlags.ts (free-text words: app/lib/safety/detect.ts)","","","",""
"RF-chest_pain","red-flag","Chest pain","Emergency Mode opens at once when this is found in anything the patient types or says, or ticked in the checklist: ""Chest pain, pressure, or tightness right now"". Guidance shown while waiting: Help the person sit down and rest. / Do not let them walk, climb stairs, or drive themselves to hospital. / Stay with them until help arrives.","Heart attack — symptoms — NHS (UK National Health Service) (not yet checked); International First Aid, Resuscitation, and Education Guidelines 2020 — International Federation of Red Cross and Red Crescent Societies (IFRC) (not yet checked)","clinician","NEEDS CLINICIAN REVIEW","app/lib/safety/redFlags.ts (free-text words: app/lib/safety/detect.ts)","","","",""
"RF-stroke","red-flag","Possible stroke signs","Emergency Mode opens at once when this is found in anything the patient types or says, or ticked in the checklist: ""Face drooping, weakness in an arm or leg, or slurred speech"". Guidance shown while waiting: Note the time the signs started — doctors need to know. / Do not give food or drink. / If they become unconscious but are breathing, turn them on their side.","Stroke — symptoms (FAST) — NHS (UK National Health Service) (not yet checked); International First Aid, Resuscitation, and Education Guidelines 2020 — International Federation of Red Cross and Red Crescent Societies (IFRC) (not yet checked)","clinician","NEEDS CLINICIAN REVIEW","app/lib/safety/redFlags.ts (free-text words: app/lib/safety/detect.ts)","","","",""
"RF-unconscious","red-flag","Unconscious or hard to wake","Emergency Mode opens at once when this is found in anything the patient types or says, or ticked in the checklist: ""Fainted, unconscious, or cannot be woken properly"". Guidance shown while waiting: If they are breathing, turn them on their side so they do not choke. / If they are not breathing normally, tell the emergency call-taker straight away and follow their instructions. / Do not give food or drink.","International First Aid, Resuscitation, and Education Guidelines 2020 — International Federation of Red Cross and Red Crescent Societies (IFRC) (not yet checked)","clinician","NEEDS CLINICIAN REVIEW","app/lib/safety/redFlags.ts (free-text words: app/lib/safety/detect.ts)","","","",""
"RF-seizure","red-flag","Fits (seizure)","Emergency Mode opens at once when this is found in anything the patient types or says, or ticked in the checklist: ""Having fits (seizures), or just had one"". Guidance shown while waiting: Move hard or sharp objects away from them. / Do not hold them down or put anything in their mouth. / Note how long the fit lasts. When it stops, turn them on their side.","International First Aid, Resuscitation, and Education Guidelines 2020 — International Federation of Red Cross and Red Crescent Societies (IFRC) (not yet checked)","clinician","NEEDS CLINICIAN REVIEW","app/lib/safety/redFlags.ts (free-text words: app/lib/safety/detect.ts)","","","",""
"RF-bleeding","red-flag","Heavy bleeding","Emergency Mode opens at once when this is found in anything the patient types or says, or ticked in the checklist: ""Heavy bleeding that will not stop, or vomiting blood"". Guidance shown while waiting: If bleeding is from a wound, press firmly on it with a clean cloth and keep pressing. / Keep the person lying down and still.","International First Aid, Resuscitation, and Education Guidelines 2020 — International Federation of Red Cross and Red Crescent Societies (IFRC) (not yet checked)","clinician","NEEDS CLINICIAN REVIEW","app/lib/safety/redFlags.ts (free-text words: app/lib/safety/detect.ts)","","","",""
"RF-allergy","red-flag","Severe allergic reaction","Emergency Mode opens at once when this is found in anything the patient types or says, or ticked in the checklist: ""Swelling of the lips, tongue, or throat, or a severe allergic reaction"". Guidance shown while waiting: If they have their own prescribed adrenaline auto-injector, help them use it. / If breathing is difficult, help them sit up. If they feel faint, help them lie down.","Anaphylaxis — NHS (UK National Health Service) (not yet checked); International First Aid, Resuscitation, and Education Guidelines 2020 — International Federation of Red Cross and Red Crescent Societies (IFRC) (not yet checked)","clinician","NEEDS CLINICIAN REVIEW","app/lib/safety/redFlags.ts (free-text words: app/lib/safety/detect.ts)","","","",""
"RF-severe_infection","red-flag","Very unwell with signs of serious infection","Emergency Mode opens at once when this is found in anything the patient types or says, or ticked in the checklist: ""Very unwell with fever: confusion, stiff neck, or a rash that does not fade when pressed"". Guidance shown while waiting: Go to the nearest hospital emergency now. / Keep the person comfortable and stay with them.","Sepsis — NHS (UK National Health Service) (not yet checked); Dengue: guidelines for diagnosis, treatment, prevention and control — World Health Organization (not yet checked)","clinician","NEEDS CLINICIAN REVIEW","app/lib/safety/redFlags.ts (free-text words: app/lib/safety/detect.ts)","","","",""
"RF-overdose","red-flag","Possible overdose","Emergency Mode opens at once when this is found in anything the patient types or says, or ticked in the checklist: ""Took too much medicine or drugs (overdose)"". Guidance shown while waiting: Try to wake them. If they are breathing, turn them on their side. / Stay with them. Do not leave them alone. / Keep any medicine or drug packets to show the doctor.","Opioid overdose — fact sheet — World Health Organization (not yet checked); International First Aid, Resuscitation, and Education Guidelines 2020 — International Federation of Red Cross and Red Crescent Societies (IFRC) (not yet checked)","clinician","NEEDS CLINICIAN REVIEW","app/lib/safety/redFlags.ts (free-text words: app/lib/safety/detect.ts)","","","",""
"RF-poisoning","red-flag","Possible poisoning","Emergency Mode opens at once when this is found in anything the patient types or says, or ticked in the checklist: ""Swallowed poison, pesticide, or a harmful chemical"". Guidance shown while waiting: Do not make them vomit. / Keep the container or label to show the doctor. / If they are unconscious but breathing, turn them on their side.","International First Aid, Resuscitation, and Education Guidelines 2020 — International Federation of Red Cross and Red Crescent Societies (IFRC) (not yet checked)","clinician","NEEDS CLINICIAN REVIEW","app/lib/safety/redFlags.ts (free-text words: app/lib/safety/detect.ts)","","","",""
"RF-snakebite","red-flag","Snake bite","Emergency Mode opens at once when this is found in anything the patient types or says, or ticked in the checklist: ""Snake bite"". Guidance shown while waiting: Keep the person calm and still, and keep the bitten limb still. / Remove rings, watches, or tight items near the bite. / Do not cut, suck, or tie a tight band around the bite.","Snakebite envenoming — fact sheet — World Health Organization (not yet checked)","clinician","NEEDS CLINICIAN REVIEW","app/lib/safety/redFlags.ts (free-text words: app/lib/safety/detect.ts)","","","",""
"RF-injury","red-flag","Serious injury","Emergency Mode opens at once when this is found in anything the patient types or says, or ticked in the checklist: ""Serious injury, accident, head injury, or large burn"". Guidance shown while waiting: If a neck or back injury is possible, do not move the person unless they are in danger. / Press firmly on any bleeding wound. / Cool burns under cool running water for 20 minutes.","International First Aid, Resuscitation, and Education Guidelines 2020 — International Federation of Red Cross and Red Crescent Societies (IFRC) (not yet checked); Head injury and concussion — NHS (UK National Health Service) (not yet checked)","clinician","NEEDS CLINICIAN REVIEW","app/lib/safety/redFlags.ts (free-text words: app/lib/safety/detect.ts)","","","",""
"RF-suicide","red-flag","You are not alone — help is available now","Emergency Mode opens at once when this is found in anything the patient types or says, or ticked in the checklist: ""Thoughts of suicide or harming yourself"". Guidance shown while waiting: If you can, stay with someone you trust, or ask someone to come and be with you. / If it is safe, move away from anything that could be used for harm. / Talk to a trained counsellor now on Tele-MANAS 14416 (free, 24 hours).","mhGAP Intervention Guide, version 2.0 — World Health Organization (not yet checked); Tele-MANAS — National Tele Mental Health Programme — Ministry of Health & Family Welfare (not yet checked)","clinician","NEEDS CLINICIAN REVIEW","app/lib/safety/redFlags.ts (free-text words: app/lib/safety/detect.ts)","","","",""
"RF-pregnancy","red-flag","Pregnancy danger sign","Emergency Mode opens at once when this is found in anything the patient types or says, or ticked in the checklist: ""Pregnant with bleeding, fits, severe headache, water breaking, or baby moving less"". Guidance shown while waiting: Go to the hospital now. / Take the Mother and Child Protection (MCP) card with you.","Mother and Child Protection (MCP) Card — Ministry of Health & Family Welfare and Ministry of Women & Child Development (not yet checked); WHO recommendations on antenatal care for a positive pregnancy experience — World Health Organization (not yet checked)","clinician","NEEDS CLINICIAN REVIEW","app/lib/safety/redFlags.ts (free-text words: app/lib/safety/detect.ts)","","","",""
"RF-postpartum","red-flag","Danger sign after giving birth","Emergency Mode opens at once when this is found in anything the patient types or says, or ticked in the checklist: ""Recently gave birth with heavy bleeding, fits, severe headache, or breathing difficulty"". Guidance shown while waiting: Go to the hospital now. / Take your discharge papers and MCP card if you have them.","WHO recommendations on maternal and newborn care for a positive postnatal experience — World Health Organization (not yet checked)","clinician","NEEDS CLINICIAN REVIEW","app/lib/safety/redFlags.ts (free-text words: app/lib/safety/detect.ts)","","","",""
"RF-infant","red-flag","Seriously ill baby or young child","Emergency Mode opens at once when this is found in anything the patient types or says, or ticked in the checklist: ""Baby or young child: not feeding, very sleepy or hard to wake, fits, or chest pulling in"". Guidance shown while waiting: Keep the baby warm. / If the baby can feed, keep breastfeeding on the way to hospital.","Integrated Management of Childhood Illness (IMCI) chart booklet — World Health Organization (not yet checked)","clinician","NEEDS CLINICIAN REVIEW","app/lib/safety/redFlags.ts (free-text words: app/lib/safety/detect.ts)","","","",""
"TS-fever","triage-start","Fever: starting urgency","Before any answers, ""Fever"" starts at: Urgent — be seen today. Reason shown: ""In Mizoram, fever should be tested for malaria the same day"". Departments: general-medicine, infectious-diseases.","National Framework for Malaria Elimination in India 2016–2030 — National Center for Vector Borne Diseases Control, Ministry of Health & Family Welfare (not yet checked)","clinician","NEEDS CLINICIAN REVIEW","app/lib/safety/triage.ts","","","",""
"TQ-fever-neck","triage-question","Fever: ""Stiff neck, or a rash that does not fade when pressed?""","Yes → EMERGENCY — Very unwell with signs of serious infection. Not sure → Urgent — be seen today (now). No → no change. Summary wording: ""Stiff neck or non-fading rash"" / ""No stiff neck or non-fading rash"".","Sepsis — NHS (UK National Health Service) (not yet checked)","clinician","NEEDS CLINICIAN REVIEW","app/lib/safety/triage.ts","","","",""
"TQ-fever-confused","triage-question","Fever: ""Confusion, or very difficult to wake?""","Yes → EMERGENCY — Very unwell with signs of serious infection. Not sure → Urgent — be seen today (now). No → no change. Summary wording: ""Confusion or difficult to wake"" / ""Not confused"".","Sepsis — NHS (UK National Health Service) (not yet checked)","clinician","NEEDS CLINICIAN REVIEW","app/lib/safety/triage.ts","","","",""
"TQ-fever-bleeding","triage-question","Fever: ""Bleeding from gums or nose, blood in vomit, or black stools?""","Yes → EMERGENCY — Very unwell with signs of serious infection. Not sure → Urgent — be seen today (now). No → no change. Summary wording: ""Bleeding from gums/nose, blood in vomit, or black stools"" / ""No bleeding"".","Dengue: guidelines for diagnosis, treatment, prevention and control — World Health Organization (not yet checked)","clinician","NEEDS CLINICIAN REVIEW","app/lib/safety/triage.ts","","","",""
"TQ-fever-breathing","triage-question","Fever: ""Breathing faster than normal, or short of breath?""","Yes → Urgent — be seen today (now). Not sure → Urgent — be seen today (now). No → no change. Summary wording: ""Fast breathing or breathlessness"" / ""No breathing difficulty"".","Sepsis — NHS (UK National Health Service) (not yet checked)","clinician","NEEDS CLINICIAN REVIEW","app/lib/safety/triage.ts","","","",""
"TQ-fever-vomit","triage-question","Fever: ""Severe stomach pain, or vomiting again and again?""","Yes → Urgent — be seen today (now). Not sure → Urgent — be seen today (now). No → no change. Summary wording: ""Severe stomach pain or persistent vomiting"" / ""No severe stomach pain or persistent vomiting"".","Dengue: guidelines for diagnosis, treatment, prevention and control — World Health Organization (not yet checked)","clinician","NEEDS CLINICIAN REVIEW","app/lib/safety/triage.ts","","","",""
"TQ-fever-weaker","triage-question","Fever: ""Has the fever gone down, but the person now feels much weaker, very sleepy, or restless?""","Yes → Urgent — be seen today (now). Not sure → Urgent — be seen today (now). No → no change. Summary wording: ""Fever went down but now much weaker, sleepy, or restless"" / ""No new weakness after fever went down"".","Dengue: guidelines for diagnosis, treatment, prevention and control — World Health Organization (not yet checked)","clinician","NEEDS CLINICIAN REVIEW","app/lib/safety/triage.ts","","","",""
"TQ-fever-headache","triage-question","Fever: ""Severe headache?""","Yes → Urgent — be seen today. Not sure → Urgent — be seen today. No → no change. Summary wording: ""Severe headache"" / ""No severe headache"".","Dengue: guidelines for diagnosis, treatment, prevention and control — World Health Organization (not yet checked)","clinician","NEEDS CLINICIAN REVIEW","app/lib/safety/triage.ts","","","",""
"TQ-fever-chills","triage-question","Fever: ""Shivering and chills?""","Yes → Urgent — be seen today. Not sure → Urgent — be seen today. No → no change. Summary wording: ""Shivering and chills"" / ""No chills"".","National Framework for Malaria Elimination in India 2016–2030 — National Center for Vector Borne Diseases Control, Ministry of Health & Family Welfare (not yet checked)","clinician","NEEDS CLINICIAN REVIEW","app/lib/safety/triage.ts","","","",""
"TQ-fever-travel","triage-question","Fever: ""Recently in forest, jhum fields, or border areas, or many mosquito bites?""","Yes → Urgent — be seen today. Not sure → Urgent — be seen today. No → no change. Summary wording: ""Recent forest/jhum/border area or many mosquito bites"" / ""No recent forest/jhum/border area exposure"".","National Framework for Malaria Elimination in India 2016–2030 — National Center for Vector Borne Diseases Control, Ministry of Health & Family Welfare (not yet checked)","clinician","NEEDS CLINICIAN REVIEW","app/lib/safety/triage.ts","","","",""
"TQ-fever-tb","triage-question","Fever: ""Cough for 2 weeks or more, night sweats, or weight loss?""","Yes → See a health worker within a few days. Not sure → See a health worker within a few days. No → no change. Summary wording: ""Cough 2+ weeks, night sweats, or weight loss"" / ""No long cough, night sweats, or weight loss"".","National TB Elimination Programme — technical and operational guidelines — Central TB Division, Ministry of Health & Family Welfare (not yet checked)","clinician","NEEDS CLINICIAN REVIEW","app/lib/safety/triage.ts","","","",""
"TS-cough","triage-start","Cough or breathing problem: starting urgency","Before any answers, ""Cough or breathing problem"" starts at: Self-care with warning signs. Departments: respiratory, tb-services.","No source recorded","clinician","NEEDS CLINICIAN REVIEW","app/lib/safety/triage.ts","","","",""
"TQ-cough-severe","triage-question","Cough or breathing problem: ""Severe difficulty breathing, or lips turning blue?""","Yes → EMERGENCY — Severe breathing difficulty. Not sure → Urgent — be seen today (now). No → no change. Summary wording: ""Severe breathing difficulty"" / ""No severe breathing difficulty"".","International First Aid, Resuscitation, and Education Guidelines 2020 — International Federation of Red Cross and Red Crescent Societies (IFRC) (not yet checked)","clinician","NEEDS CLINICIAN REVIEW","app/lib/safety/triage.ts","","","",""
"TQ-cough-blood","triage-question","Cough or breathing problem: ""Coughing up blood?""","Yes → Urgent — be seen today. Not sure → Urgent — be seen today. No → no change. Summary wording: ""Coughing up blood"" / ""Not coughing up blood"".","Cough — NHS (UK National Health Service) (not yet checked)","clinician","NEEDS CLINICIAN REVIEW","app/lib/safety/triage.ts","","","",""
"TQ-cough-chestpain","triage-question","Cough or breathing problem: ""Chest pain when breathing or coughing?""","Yes → Urgent — be seen today. Not sure → Urgent — be seen today. No → no change. Summary wording: ""Chest pain with breathing or coughing"" / ""No chest pain with breathing"".","Cough — NHS (UK National Health Service) (not yet checked)","clinician","NEEDS CLINICIAN REVIEW","app/lib/safety/triage.ts","","","",""
"TQ-cough-wheeze","triage-question","Cough or breathing problem: ""Wheezing, or the chest feels tight?""","Yes → Urgent — be seen today. Not sure → Urgent — be seen today. No → no change. Summary wording: ""Wheezing or tight chest"" / ""No wheezing"".","Cough — NHS (UK National Health Service) (not yet checked)","clinician","NEEDS CLINICIAN REVIEW","app/lib/safety/triage.ts","","","",""
"TQ-cough-fever","triage-question","Cough or breathing problem: ""Fever with the cough?""","Yes → Urgent — be seen today. Not sure → Urgent — be seen today. No → no change. Summary wording: ""Fever with cough"" / ""No fever"".","National Framework for Malaria Elimination in India 2016–2030 — National Center for Vector Borne Diseases Control, Ministry of Health & Family Welfare (not yet checked)","clinician","NEEDS CLINICIAN REVIEW","app/lib/safety/triage.ts","","","",""
"TQ-cough-2weeks","triage-question","Cough or breathing problem: ""Has the cough lasted 2 weeks or more?""","Yes → See a health worker within a few days. Not sure → See a health worker within a few days. No → no change. Summary wording: ""Cough for 2 weeks or more"" / ""Cough less than 2 weeks"".","National TB Elimination Programme — technical and operational guidelines — Central TB Division, Ministry of Health & Family Welfare (not yet checked)","clinician","NEEDS CLINICIAN REVIEW","app/lib/safety/triage.ts","","","",""
"TQ-cough-sweats","triage-question","Cough or breathing problem: ""Night sweats, or losing weight without trying?""","Yes → See a health worker within a few days. Not sure → See a health worker within a few days. No → no change. Summary wording: ""Night sweats or weight loss"" / ""No night sweats or weight loss"".","National TB Elimination Programme — technical and operational guidelines — Central TB Division, Ministry of Health & Family Welfare (not yet checked)","clinician","NEEDS CLINICIAN REVIEW","app/lib/safety/triage.ts","","","",""
"SC-cough-1","self-care","Cough or breathing problem: self-care advice 1","Shown only with a self-care result: ""Rest and drink warm fluids.""","Cough — NHS (UK National Health Service) (not yet checked)","clinician","NEEDS CLINICIAN REVIEW","app/lib/safety/triage.ts","","","",""
"SC-cough-2","self-care","Cough or breathing problem: self-care advice 2","Shown only with a self-care result: ""Cover coughs and sneezes, and wash your hands.""","National TB Elimination Programme — technical and operational guidelines — Central TB Division, Ministry of Health & Family Welfare (not yet checked)","clinician","NEEDS CLINICIAN REVIEW","app/lib/safety/triage.ts","","","",""
"SC-cough-3","self-care","Cough or breathing problem: self-care advice 3","Shown only with a self-care result: ""Avoid smoke and tobacco.""","Cough — NHS (UK National Health Service) (not yet checked)","clinician","NEEDS CLINICIAN REVIEW","app/lib/safety/triage.ts","","","",""
"TS-heart","triage-start","Chest discomfort, heartbeat, or blood pressure: starting urgency","Before any answers, ""Chest discomfort, heartbeat, or blood pressure"" starts at: See a health worker within a few days. Reason shown: ""Chest and heart symptoms should be checked by a doctor"". Departments: cardiology.","Heart attack — symptoms — NHS (UK National Health Service) (not yet checked)","clinician","NEEDS CLINICIAN REVIEW","app/lib/safety/triage.ts","","","",""
"TQ-heart-now","triage-question","Chest discomfort, heartbeat, or blood pressure: ""Chest pain, pressure, or tightness right now?""","Yes → EMERGENCY — Chest pain. Not sure → Urgent — be seen today (now). No → no change. Summary wording: ""Chest pain now"" / ""No chest pain now"".","Heart attack — symptoms — NHS (UK National Health Service) (not yet checked)","clinician","NEEDS CLINICIAN REVIEW","app/lib/safety/triage.ts","","","",""
"TQ-heart-spread","triage-question","Chest discomfort, heartbeat, or blood pressure: ""Pain spreading to the arm, neck, jaw, back, or stomach?""","Yes → EMERGENCY — Chest pain. Not sure → Urgent — be seen today (now). No → no change. Summary wording: ""Pain spreading to arm/neck/jaw/back"" / ""No spreading pain"".","Heart attack — symptoms — NHS (UK National Health Service) (not yet checked)","clinician","NEEDS CLINICIAN REVIEW","app/lib/safety/triage.ts","","","",""
"TQ-heart-sweat","triage-question","Chest discomfort, heartbeat, or blood pressure: ""Sweating, feeling sick, or short of breath with chest discomfort?""","Yes → EMERGENCY — Chest pain. Not sure → Urgent — be seen today (now). No → no change. Summary wording: ""Sweating, nausea, or breathlessness with chest discomfort"" / ""No sweating or breathlessness with chest discomfort"".","Heart attack — symptoms — NHS (UK National Health Service) (not yet checked)","clinician","NEEDS CLINICIAN REVIEW","app/lib/safety/triage.ts","","","",""
"TQ-heart-exertion","triage-question","Chest discomfort, heartbeat, or blood pressure: ""Chest discomfort during activity that goes away with rest?""","Yes → Urgent — be seen today. Not sure → Urgent — be seen today. No → no change. Summary wording: ""Chest discomfort on activity"" / ""No chest discomfort on activity"".","Heart attack — symptoms — NHS (UK National Health Service) (not yet checked)","clinician","NEEDS CLINICIAN REVIEW","app/lib/safety/triage.ts","","","",""
"TQ-heart-veryhigh","triage-question","Chest discomfort, heartbeat, or blood pressure: ""Blood pressure measured at 180/120 or higher?""","Yes → Urgent — be seen today (now). Not sure → Urgent — be seen today (now). No → no change. Summary wording: ""Blood pressure 180/120 or higher"" / ""Blood pressure not measured at 180/120 or higher"".","High blood pressure (hypertension) — NHS (UK National Health Service) (not yet checked)","clinician","NEEDS CLINICIAN REVIEW","app/lib/safety/triage.ts","","","",""
"TQ-heart-irregular","triage-question","Chest discomfort, heartbeat, or blood pressure: ""Very fast, pounding, or irregular heartbeat with dizziness?""","Yes → Urgent — be seen today. Not sure → Urgent — be seen today. No → no change. Summary wording: ""Fast or irregular heartbeat with dizziness"" / ""No irregular heartbeat with dizziness"".","Heart attack — symptoms — NHS (UK National Health Service) (not yet checked)","clinician","NEEDS CLINICIAN REVIEW","app/lib/safety/triage.ts","","","",""
"TQ-heart-swelling","triage-question","Chest discomfort, heartbeat, or blood pressure: ""Swollen feet or ankles with breathlessness?""","Yes → Urgent — be seen today. Not sure → Urgent — be seen today. No → no change. Summary wording: ""Swollen feet with breathlessness"" / ""No swollen feet with breathlessness"".","Heart attack — symptoms — NHS (UK National Health Service) (not yet checked)","clinician","NEEDS CLINICIAN REVIEW","app/lib/safety/triage.ts","","","",""
"TQ-heart-high","triage-question","Chest discomfort, heartbeat, or blood pressure: ""Blood pressure measured at 140/90 or higher?""","Yes → See a health worker within a few days. Not sure → See a health worker within a few days. No → no change. Summary wording: ""Blood pressure 140/90 or higher"" / ""Blood pressure not measured at 140/90 or higher"".","Hypertension — fact sheet — World Health Organization (not yet checked)","clinician","NEEDS CLINICIAN REVIEW","app/lib/safety/triage.ts","","","",""
"TS-stomach","triage-start","Stomach pain, vomiting, or diarrhoea: starting urgency","Before any answers, ""Stomach pain, vomiting, or diarrhoea"" starts at: Self-care with warning signs. Departments: general-medicine.","No source recorded","clinician","NEEDS CLINICIAN REVIEW","app/lib/safety/triage.ts","","","",""
"TQ-stomach-blood","triage-question","Stomach pain, vomiting, or diarrhoea: ""Vomiting blood, or black or bloody stools?""","Yes → EMERGENCY — Heavy bleeding. Not sure → Urgent — be seen today (now). No → no change. Summary wording: ""Vomiting blood or black/bloody stools"" / ""No blood in vomit or stools"".","Diarrhoeal disease — fact sheet — World Health Organization (not yet checked)","clinician","NEEDS CLINICIAN REVIEW","app/lib/safety/triage.ts","","","",""
"TQ-stomach-pain","triage-question","Stomach pain, vomiting, or diarrhoea: ""Severe stomach pain that does not go away?""","Yes → Urgent — be seen today (now). Not sure → Urgent — be seen today (now). No → no change. Summary wording: ""Severe constant stomach pain"" / ""No severe constant stomach pain"".","Dengue: guidelines for diagnosis, treatment, prevention and control — World Health Organization (not yet checked)","clinician","NEEDS CLINICIAN REVIEW","app/lib/safety/triage.ts","","","",""
"TQ-stomach-dry","triage-question","Stomach pain, vomiting, or diarrhoea: ""Very little urine, very dry mouth, or dizzy when standing?""","Yes → Urgent — be seen today. Not sure → Urgent — be seen today. No → no change. Summary wording: ""Signs of dehydration"" / ""No signs of dehydration"".","Diarrhoeal disease — fact sheet — World Health Organization (not yet checked)","clinician","NEEDS CLINICIAN REVIEW","app/lib/safety/triage.ts","","","",""
"TQ-stomach-fluids","triage-question","Stomach pain, vomiting, or diarrhoea: ""Cannot keep any fluids down?""","Yes → Urgent — be seen today. Not sure → Urgent — be seen today. No → no change. Summary wording: ""Cannot keep fluids down"" / ""Keeping fluids down"".","Diarrhoeal disease — fact sheet — World Health Organization (not yet checked)","clinician","NEEDS CLINICIAN REVIEW","app/lib/safety/triage.ts","","","",""
"TQ-stomach-bloody","triage-question","Stomach pain, vomiting, or diarrhoea: ""Diarrhoea with blood in it?""","Yes → Urgent — be seen today. Not sure → Urgent — be seen today. No → no change. Summary wording: ""Bloody diarrhoea"" / ""No blood in diarrhoea"".","Diarrhoeal disease — fact sheet — World Health Organization (not yet checked)","clinician","NEEDS CLINICIAN REVIEW","app/lib/safety/triage.ts","","","",""
"TQ-stomach-yellow","triage-question","Stomach pain, vomiting, or diarrhoea: ""Yellow eyes or skin?""","Yes → See a health worker within a few days. Not sure → See a health worker within a few days. No → no change. Summary wording: ""Yellow eyes or skin"" / ""No yellow eyes or skin"".","AI Hospital safety policy: uncertainty principle — AI Hospital (internal design policy) (not yet checked)","clinician","NEEDS CLINICIAN REVIEW","app/lib/safety/triage.ts","","","",""
"TQ-stomach-swallow","triage-question","Stomach pain, vomiting, or diarrhoea: ""Difficulty swallowing, or losing weight without trying?""","Yes → See a health worker within a few days. Not sure → See a health worker within a few days. No → no change. Summary wording: ""Difficulty swallowing or weight loss"" / ""No difficulty swallowing or weight loss"".","AI Hospital safety policy: uncertainty principle — AI Hospital (internal design policy) (not yet checked)","clinician","NEEDS CLINICIAN REVIEW","app/lib/safety/triage.ts","","","",""
"SC-stomach-1","self-care","Stomach pain, vomiting, or diarrhoea: self-care advice 1","Shown only with a self-care result: ""Drink plenty of fluids, including ORS (oral rehydration solution).""","Diarrhoeal disease — fact sheet — World Health Organization (not yet checked)","clinician","NEEDS CLINICIAN REVIEW","app/lib/safety/triage.ts","","","",""
"SC-stomach-2","self-care","Stomach pain, vomiting, or diarrhoea: self-care advice 2","Shown only with a self-care result: ""Eat small, light meals.""","Diarrhoeal disease — fact sheet — World Health Organization (not yet checked)","clinician","NEEDS CLINICIAN REVIEW","app/lib/safety/triage.ts","","","",""
"SC-stomach-3","self-care","Stomach pain, vomiting, or diarrhoea: self-care advice 3","Shown only with a self-care result: ""Wash hands with soap after using the toilet and before eating.""","Diarrhoeal disease — fact sheet — World Health Organization (not yet checked)","clinician","NEEDS CLINICIAN REVIEW","app/lib/safety/triage.ts","","","",""
"TS-headache","triage-start","Headache or dizziness: starting urgency","Before any answers, ""Headache or dizziness"" starts at: Self-care with warning signs. Departments: general-medicine.","No source recorded","clinician","NEEDS CLINICIAN REVIEW","app/lib/safety/triage.ts","","","",""
"TQ-head-worst","triage-question","Headache or dizziness: ""Sudden, very severe headache — the worst ever?""","Yes → EMERGENCY — Possible stroke signs. Not sure → Urgent — be seen today (now). No → no change. Summary wording: ""Sudden severe headache"" / ""No sudden severe headache"".","Stroke — symptoms (FAST) — NHS (UK National Health Service) (not yet checked)","clinician","NEEDS CLINICIAN REVIEW","app/lib/safety/triage.ts","","","",""
"TQ-head-stroke","triage-question","Headache or dizziness: ""Face drooping, arm or leg weakness, or slurred speech?""","Yes → EMERGENCY — Possible stroke signs. Not sure → Urgent — be seen today (now). No → no change. Summary wording: ""Face drooping, limb weakness, or slurred speech"" / ""No face drooping, weakness, or speech problems"".","Stroke — symptoms (FAST) — NHS (UK National Health Service) (not yet checked)","clinician","NEEDS CLINICIAN REVIEW","app/lib/safety/triage.ts","","","",""
"TQ-head-neck","triage-question","Headache or dizziness: ""Headache with fever and a stiff neck?""","Yes → EMERGENCY — Very unwell with signs of serious infection. Not sure → Urgent — be seen today (now). No → no change. Summary wording: ""Headache with fever and stiff neck"" / ""No fever with stiff neck"".","Sepsis — NHS (UK National Health Service) (not yet checked)","clinician","NEEDS CLINICIAN REVIEW","app/lib/safety/triage.ts","","","",""
"TQ-head-injury","triage-question","Headache or dizziness: ""Headache after a head injury, with vomiting or drowsiness?""","Yes → EMERGENCY — Serious injury. Not sure → Urgent — be seen today (now). No → no change. Summary wording: ""Headache after head injury with vomiting or drowsiness"" / ""No recent head injury with vomiting or drowsiness"".","Head injury and concussion — NHS (UK National Health Service) (not yet checked)","clinician","NEEDS CLINICIAN REVIEW","app/lib/safety/triage.ts","","","",""
"TQ-head-faint","triage-question","Headache or dizziness: ""Fainting or nearly fainting?""","Yes → Urgent — be seen today. Not sure → Urgent — be seen today. No → no change. Summary wording: ""Fainting or near-fainting"" / ""No fainting"".","AI Hospital safety policy: uncertainty principle — AI Hospital (internal design policy) (not yet checked)","clinician","NEEDS CLINICIAN REVIEW","app/lib/safety/triage.ts","","","",""
"TQ-head-vision","triage-question","Headache or dizziness: ""Blurred or double vision?""","Yes → Urgent — be seen today. Not sure → Urgent — be seen today. No → no change. Summary wording: ""Blurred or double vision"" / ""No vision changes"".","Vision loss — NHS (UK National Health Service) (not yet checked)","clinician","NEEDS CLINICIAN REVIEW","app/lib/safety/triage.ts","","","",""
"TQ-head-repeat","triage-question","Headache or dizziness: ""Headaches that keep coming back for weeks?""","Yes → See a health worker within a few days. Not sure → See a health worker within a few days. No → no change. Summary wording: ""Recurring headaches for weeks"" / ""Not recurring for weeks"".","AI Hospital safety policy: uncertainty principle — AI Hospital (internal design policy) (not yet checked)","clinician","NEEDS CLINICIAN REVIEW","app/lib/safety/triage.ts","","","",""
"SC-headache-1","self-care","Headache or dizziness: self-care advice 1","Shown only with a self-care result: ""Rest in a quiet, dark room.""","AI Hospital safety policy: uncertainty principle — AI Hospital (internal design policy) (not yet checked)","clinician","NEEDS CLINICIAN REVIEW","app/lib/safety/triage.ts","","","",""
"SC-headache-2","self-care","Headache or dizziness: self-care advice 2","Shown only with a self-care result: ""Drink water and get enough sleep.""","AI Hospital safety policy: uncertainty principle — AI Hospital (internal design policy) (not yet checked)","clinician","NEEDS CLINICIAN REVIEW","app/lib/safety/triage.ts","","","",""
"TS-injury","triage-start","Injury, wound, burn, or bite: starting urgency","Before any answers, ""Injury, wound, burn, or bite"" starts at: Self-care with warning signs. Departments: emergency, orthopaedics.","No source recorded","clinician","NEEDS CLINICIAN REVIEW","app/lib/safety/triage.ts","","","",""
"TQ-inj-head","triage-question","Injury, wound, burn, or bite: ""Head injury with vomiting, drowsiness, confusion, or passing out?""","Yes → EMERGENCY — Serious injury. Not sure → Urgent — be seen today (now). No → no change. Summary wording: ""Head injury with vomiting/drowsiness/confusion"" / ""No head injury warning signs"".","Head injury and concussion — NHS (UK National Health Service) (not yet checked)","clinician","NEEDS CLINICIAN REVIEW","app/lib/safety/triage.ts","","","",""
"TQ-inj-snake","triage-question","Injury, wound, burn, or bite: ""Snake bite?""","Yes → EMERGENCY — Snake bite. Not sure → Urgent — be seen today (now). No → no change. Summary wording: ""Snake bite"" / ""Not a snake bite"".","Snakebite envenoming — fact sheet — World Health Organization (not yet checked)","clinician","NEEDS CLINICIAN REVIEW","app/lib/safety/triage.ts","","","",""
"TQ-inj-bleed","triage-question","Injury, wound, burn, or bite: ""Heavy bleeding that does not stop with pressure?""","Yes → EMERGENCY — Heavy bleeding. Not sure → Urgent — be seen today (now). No → no change. Summary wording: ""Heavy bleeding not stopping"" / ""No uncontrolled bleeding"".","International First Aid, Resuscitation, and Education Guidelines 2020 — International Federation of Red Cross and Red Crescent Societies (IFRC) (not yet checked)","clinician","NEEDS CLINICIAN REVIEW","app/lib/safety/triage.ts","","","",""
"TQ-inj-animal","triage-question","Injury, wound, burn, or bite: ""Bitten or scratched by a dog, cat, monkey, or other animal?""","Yes → Urgent — be seen today (now). Not sure → Urgent — be seen today (now). No → no change. Summary wording: ""Animal bite or scratch"" / ""No animal bite"".","Rabies — fact sheet — World Health Organization (not yet checked)","clinician","NEEDS CLINICIAN REVIEW","app/lib/safety/triage.ts","","","",""
"TQ-inj-bone","triage-question","Injury, wound, burn, or bite: ""A bone may be broken, or cannot move or put weight on the limb?""","Yes → Urgent — be seen today. Not sure → Urgent — be seen today. No → no change. Summary wording: ""Possible broken bone"" / ""Can move the limb"".","International First Aid, Resuscitation, and Education Guidelines 2020 — International Federation of Red Cross and Red Crescent Societies (IFRC) (not yet checked)","clinician","NEEDS CLINICIAN REVIEW","app/lib/safety/triage.ts","","","",""
"TQ-inj-deep","triage-question","Injury, wound, burn, or bite: ""Deep cut, or a cut that gapes open?""","Yes → Urgent — be seen today. Not sure → Urgent — be seen today. No → no change. Summary wording: ""Deep or gaping cut"" / ""No deep cut"".","International First Aid, Resuscitation, and Education Guidelines 2020 — International Federation of Red Cross and Red Crescent Societies (IFRC) (not yet checked)","clinician","NEEDS CLINICIAN REVIEW","app/lib/safety/triage.ts","","","",""
"TQ-inj-burn","triage-question","Injury, wound, burn, or bite: ""Burn larger than the person's palm, or on the face, hands, feet, or private parts?""","Yes → Urgent — be seen today. Not sure → Urgent — be seen today. No → no change. Summary wording: ""Large burn or burn on face/hands/feet/genitals"" / ""Small burn only"".","International First Aid, Resuscitation, and Education Guidelines 2020 — International Federation of Red Cross and Red Crescent Societies (IFRC) (not yet checked)","clinician","NEEDS CLINICIAN REVIEW","app/lib/safety/triage.ts","","","",""
"TQ-inj-infected","triage-question","Injury, wound, burn, or bite: ""Wound that is red, hot, swollen, or has pus?""","Yes → See a health worker within a few days. Not sure → See a health worker within a few days. No → no change. Summary wording: ""Wound red, hot, swollen, or with pus"" / ""Wound not infected-looking"".","International First Aid, Resuscitation, and Education Guidelines 2020 — International Federation of Red Cross and Red Crescent Societies (IFRC) (not yet checked)","clinician","NEEDS CLINICIAN REVIEW","app/lib/safety/triage.ts","","","",""
"SC-injury-1","self-care","Injury, wound, burn, or bite: self-care advice 1","Shown only with a self-care result: ""Wash small cuts with clean water and cover with a clean dressing.""","International First Aid, Resuscitation, and Education Guidelines 2020 — International Federation of Red Cross and Red Crescent Societies (IFRC) (not yet checked)","clinician","NEEDS CLINICIAN REVIEW","app/lib/safety/triage.ts","","","",""
"SC-injury-2","self-care","Injury, wound, burn, or bite: self-care advice 2","Shown only with a self-care result: ""Cool small burns under cool running water for 20 minutes.""","International First Aid, Resuscitation, and Education Guidelines 2020 — International Federation of Red Cross and Red Crescent Societies (IFRC) (not yet checked)","clinician","NEEDS CLINICIAN REVIEW","app/lib/safety/triage.ts","","","",""
"SC-injury-3","self-care","Injury, wound, burn, or bite: self-care advice 3","Shown only with a self-care result: ""After any animal bite, wash the wound with soap and water and see a health worker the same day.""","Rabies — fact sheet — World Health Organization (not yet checked)","clinician","NEEDS CLINICIAN REVIEW","app/lib/safety/triage.ts","","","",""
"TS-ent","triage-start","Ear, nose, or throat: starting urgency","Before any answers, ""Ear, nose, or throat"" starts at: Self-care with warning signs. Departments: ent.","No source recorded","clinician","NEEDS CLINICIAN REVIEW","app/lib/safety/triage.ts","","","",""
"TQ-ent-airway","triage-question","Ear, nose, or throat: ""Difficulty breathing, or unable to swallow saliva?""","Yes → EMERGENCY — Severe breathing difficulty. Not sure → Urgent — be seen today (now). No → no change. Summary wording: ""Difficulty breathing or swallowing saliva"" / ""No breathing or swallowing difficulty"".","International First Aid, Resuscitation, and Education Guidelines 2020 — International Federation of Red Cross and Red Crescent Societies (IFRC) (not yet checked)","clinician","NEEDS CLINICIAN REVIEW","app/lib/safety/triage.ts","","","",""
"TQ-ent-hearing","triage-question","Ear, nose, or throat: ""Sudden loss of hearing?""","Yes → Urgent — be seen today (now). Not sure → Urgent — be seen today (now). No → no change. Summary wording: ""Sudden hearing loss"" / ""No sudden hearing loss"".","Hearing loss — NHS (UK National Health Service) (not yet checked)","clinician","NEEDS CLINICIAN REVIEW","app/lib/safety/triage.ts","","","",""
"TQ-ent-ear","triage-question","Ear, nose, or throat: ""Ear pain with high fever, or swelling behind the ear?""","Yes → Urgent — be seen today. Not sure → Urgent — be seen today. No → no change. Summary wording: ""Ear pain with high fever or swelling behind ear"" / ""No swelling behind ear"".","AI Hospital safety policy: uncertainty principle — AI Hospital (internal design policy) (not yet checked)","clinician","NEEDS CLINICIAN REVIEW","app/lib/safety/triage.ts","","","",""
"TQ-ent-nose","triage-question","Ear, nose, or throat: ""Nosebleed that does not stop after pinching the nose for 15 minutes?""","Yes → Urgent — be seen today (now). Not sure → Urgent — be seen today (now). No → no change. Summary wording: ""Nosebleed not stopping"" / ""No persistent nosebleed"".","International First Aid, Resuscitation, and Education Guidelines 2020 — International Federation of Red Cross and Red Crescent Societies (IFRC) (not yet checked)","clinician","NEEDS CLINICIAN REVIEW","app/lib/safety/triage.ts","","","",""
"TQ-ent-voice","triage-question","Ear, nose, or throat: ""Hoarse voice for more than 3 weeks?""","Yes → See a health worker within a few days. Not sure → See a health worker within a few days. No → no change. Summary wording: ""Hoarse voice over 3 weeks"" / ""No long-lasting hoarseness"".","AI Hospital safety policy: uncertainty principle — AI Hospital (internal design policy) (not yet checked)","clinician","NEEDS CLINICIAN REVIEW","app/lib/safety/triage.ts","","","",""
"SC-ent-1","self-care","Ear, nose, or throat: self-care advice 1","Shown only with a self-care result: ""Rest and drink warm fluids.""","AI Hospital safety policy: uncertainty principle — AI Hospital (internal design policy) (not yet checked)","clinician","NEEDS CLINICIAN REVIEW","app/lib/safety/triage.ts","","","",""
"TS-mouth","triage-start","Mouth or teeth: starting urgency","Before any answers, ""Mouth or teeth"" starts at: Self-care with warning signs. Departments: dental.","No source recorded","clinician","NEEDS CLINICIAN REVIEW","app/lib/safety/triage.ts","","","",""
"TQ-mouth-swell","triage-question","Mouth or teeth: ""Swelling of the face or neck with difficulty swallowing or breathing?""","Yes → EMERGENCY — Severe breathing difficulty. Not sure → Urgent — be seen today (now). No → no change. Summary wording: ""Face/neck swelling with swallowing or breathing difficulty"" / ""No swelling with breathing difficulty"".","International First Aid, Resuscitation, and Education Guidelines 2020 — International Federation of Red Cross and Red Crescent Societies (IFRC) (not yet checked)","clinician","NEEDS CLINICIAN REVIEW","app/lib/safety/triage.ts","","","",""
"TQ-mouth-ulcer","triage-question","Mouth or teeth: ""Mouth ulcer, or white or red patch, lasting more than 2 weeks?""","Yes → See a health worker within a few days. Not sure → See a health worker within a few days. No → no change. Summary wording: ""Mouth ulcer or patch over 2 weeks"" / ""No long-lasting ulcer or patch"".","National Programme for Prevention and Control of Non-Communicable Diseases (NP-NCD) — Ministry of Health & Family Welfare (not yet checked)","clinician","NEEDS CLINICIAN REVIEW","app/lib/safety/triage.ts","","","",""
"TQ-mouth-open","triage-question","Mouth or teeth: ""Difficulty opening the mouth fully?""","Yes → See a health worker within a few days. Not sure → See a health worker within a few days. No → no change. Summary wording: ""Difficulty opening mouth"" / ""Opens mouth normally"".","National Programme for Prevention and Control of Non-Communicable Diseases (NP-NCD) — Ministry of Health & Family Welfare (not yet checked)","clinician","NEEDS CLINICIAN REVIEW","app/lib/safety/triage.ts","","","",""
"TQ-mouth-lump","triage-question","Mouth or teeth: ""A lump in the mouth or neck?""","Yes → See a health worker within a few days. Not sure → See a health worker within a few days. No → no change. Summary wording: ""Lump in mouth or neck"" / ""No lump"".","National Programme for Prevention and Control of Non-Communicable Diseases (NP-NCD) — Ministry of Health & Family Welfare (not yet checked)","clinician","NEEDS CLINICIAN REVIEW","app/lib/safety/triage.ts","","","",""
"TQ-mouth-tooth","triage-question","Mouth or teeth: ""Severe toothache, or swelling around a tooth?""","Yes → See a health worker within a few days. Not sure → See a health worker within a few days. No → no change. Summary wording: ""Severe toothache or swelling"" / ""No severe toothache"".","National Oral Health Programme — Ministry of Health & Family Welfare (not yet checked)","clinician","NEEDS CLINICIAN REVIEW","app/lib/safety/triage.ts","","","",""
"SC-mouth-1","self-care","Mouth or teeth: self-care advice 1","Shown only with a self-care result: ""Rinse with warm salt water and brush gently twice a day.""","National Oral Health Programme — Ministry of Health & Family Welfare (not yet checked)","clinician","NEEDS CLINICIAN REVIEW","app/lib/safety/triage.ts","","","",""
"SC-mouth-2","self-care","Mouth or teeth: self-care advice 2","Shown only with a self-care result: ""Stop tobacco and kuhva — free help: 1800-11-2356.""","National Tobacco Control Programme — National Tobacco Quitline Services — Ministry of Health & Family Welfare (not yet checked)","clinician","NEEDS CLINICIAN REVIEW","app/lib/safety/triage.ts","","","",""
"TS-eye","triage-start","Eye problem: starting urgency","Before any answers, ""Eye problem"" starts at: Self-care with warning signs. Departments: eye-care.","No source recorded","clinician","NEEDS CLINICIAN REVIEW","app/lib/safety/triage.ts","","","",""
"TQ-eye-sudden","triage-question","Eye problem: ""Sudden loss of vision in one or both eyes?""","Yes → Urgent — be seen today (now). Not sure → Urgent — be seen today (now). No → no change. Summary wording: ""Sudden vision loss"" / ""No sudden vision loss"".","Vision loss — NHS (UK National Health Service) (not yet checked)","clinician","NEEDS CLINICIAN REVIEW","app/lib/safety/triage.ts","","","",""
"TQ-eye-chemical","triage-question","Eye problem: ""Chemical splash or injury to the eye?""","Yes → Urgent — be seen today (now). Not sure → Urgent — be seen today (now). No → no change. Summary wording: ""Chemical splash or eye injury"" / ""No eye injury"".","International First Aid, Resuscitation, and Education Guidelines 2020 — International Federation of Red Cross and Red Crescent Societies (IFRC) (not yet checked)","clinician","NEEDS CLINICIAN REVIEW","app/lib/safety/triage.ts","","","",""
"TQ-eye-painful","triage-question","Eye problem: ""Painful red eye with blurred vision?""","Yes → Urgent — be seen today. Not sure → Urgent — be seen today. No → no change. Summary wording: ""Painful red eye with blurred vision"" / ""No painful red eye with blurred vision"".","Vision loss — NHS (UK National Health Service) (not yet checked)","clinician","NEEDS CLINICIAN REVIEW","app/lib/safety/triage.ts","","","",""
"TQ-eye-gradual","triage-question","Eye problem: ""Vision slowly getting blurry, or difficulty reading?""","Yes → See a health worker within a few days. Not sure → See a health worker within a few days. No → no change. Summary wording: ""Gradual blurring of vision"" / ""No gradual vision change"".","National Programme for Control of Blindness and Visual Impairment — Ministry of Health & Family Welfare (not yet checked)","clinician","NEEDS CLINICIAN REVIEW","app/lib/safety/triage.ts","","","",""
"SC-eye-1","self-care","Eye problem: self-care advice 1","Shown only with a self-care result: ""Keep the eye clean, do not rub it, and wash your hands often.""","AI Hospital safety policy: uncertainty principle — AI Hospital (internal design policy) (not yet checked)","clinician","NEEDS CLINICIAN REVIEW","app/lib/safety/triage.ts","","","",""
"TS-skin","triage-start","Skin rash or patch: starting urgency","Before any answers, ""Skin rash or patch"" starts at: Self-care with warning signs. Departments: dermatology.","No source recorded","clinician","NEEDS CLINICIAN REVIEW","app/lib/safety/triage.ts","","","",""
"TQ-skin-allergy","triage-question","Skin rash or patch: ""Rash with swelling of the lips or face, or difficulty breathing?""","Yes → EMERGENCY — Severe allergic reaction. Not sure → Urgent — be seen today (now). No → no change. Summary wording: ""Rash with lip/face swelling or breathing difficulty"" / ""No swelling or breathing difficulty"".","Anaphylaxis — NHS (UK National Health Service) (not yet checked)","clinician","NEEDS CLINICIAN REVIEW","app/lib/safety/triage.ts","","","",""
"TQ-skin-nonfading","triage-question","Skin rash or patch: ""Rash that does not fade when pressed, with fever?""","Yes → EMERGENCY — Very unwell with signs of serious infection. Not sure → Urgent — be seen today (now). No → no change. Summary wording: ""Non-fading rash with fever"" / ""No non-fading rash with fever"".","Sepsis — NHS (UK National Health Service) (not yet checked)","clinician","NEEDS CLINICIAN REVIEW","app/lib/safety/triage.ts","","","",""
"TQ-skin-blisters","triage-question","Skin rash or patch: ""Painful blisters, or a rash spreading quickly?""","Yes → Urgent — be seen today. Not sure → Urgent — be seen today. No → no change. Summary wording: ""Painful blisters or fast-spreading rash"" / ""No painful blisters"".","AI Hospital safety policy: uncertainty principle — AI Hospital (internal design policy) (not yet checked)","clinician","NEEDS CLINICIAN REVIEW","app/lib/safety/triage.ts","","","",""
"TQ-skin-numb","triage-question","Skin rash or patch: ""A pale or reddish patch with loss of feeling?""","Yes → See a health worker within a few days. Not sure → See a health worker within a few days. No → no change. Summary wording: ""Patch with loss of feeling"" / ""No numb patch"".","National Leprosy Eradication Programme — Ministry of Health & Family Welfare (not yet checked)","clinician","NEEDS CLINICIAN REVIEW","app/lib/safety/triage.ts","","","",""
"TQ-skin-mole","triage-question","Skin rash or patch: ""A mole or patch changing in size, shape, or colour?""","Yes → See a health worker within a few days. Not sure → See a health worker within a few days. No → no change. Summary wording: ""Changing mole or patch"" / ""No changing mole"".","AI Hospital safety policy: uncertainty principle — AI Hospital (internal design policy) (not yet checked)","clinician","NEEDS CLINICIAN REVIEW","app/lib/safety/triage.ts","","","",""
"TQ-skin-long","triage-question","Skin rash or patch: ""Itchy rash lasting more than 2 weeks?""","Yes → See a health worker within a few days. Not sure → See a health worker within a few days. No → no change. Summary wording: ""Itchy rash over 2 weeks"" / ""Rash less than 2 weeks"".","AI Hospital safety policy: uncertainty principle — AI Hospital (internal design policy) (not yet checked)","clinician","NEEDS CLINICIAN REVIEW","app/lib/safety/triage.ts","","","",""
"SC-skin-1","self-care","Skin rash or patch: self-care advice 1","Shown only with a self-care result: ""Keep the skin clean and dry, avoid scratching, and wear loose cotton clothes.""","AI Hospital safety policy: uncertainty principle — AI Hospital (internal design policy) (not yet checked)","clinician","NEEDS CLINICIAN REVIEW","app/lib/safety/triage.ts","","","",""
"TS-bones","triage-start","Joint, back, or bone pain: starting urgency","Before any answers, ""Joint, back, or bone pain"" starts at: Self-care with warning signs. Departments: orthopaedics.","No source recorded","clinician","NEEDS CLINICIAN REVIEW","app/lib/safety/triage.ts","","","",""
"TQ-bone-cauda","triage-question","Joint, back, or bone pain: ""Back pain with numbness around the private parts, or loss of bladder or bowel control?""","Yes → Urgent — be seen today (now). Not sure → Urgent — be seen today (now). No → no change. Summary wording: ""Back pain with numbness in saddle area or loss of bladder/bowel control"" / ""No numbness or loss of bladder/bowel control"".","Back pain — NHS (UK National Health Service) (not yet checked)","clinician","NEEDS CLINICIAN REVIEW","app/lib/safety/triage.ts","","","",""
"TQ-bone-weak","triage-question","Joint, back, or bone pain: ""New weakness or numbness in the legs?""","Yes → Urgent — be seen today (now). Not sure → Urgent — be seen today (now). No → no change. Summary wording: ""New leg weakness or numbness"" / ""No leg weakness"".","Back pain — NHS (UK National Health Service) (not yet checked)","clinician","NEEDS CLINICIAN REVIEW","app/lib/safety/triage.ts","","","",""
"TQ-bone-hot","triage-question","Joint, back, or bone pain: ""A hot, swollen joint with fever?""","Yes → Urgent — be seen today. Not sure → Urgent — be seen today. No → no change. Summary wording: ""Hot swollen joint with fever"" / ""No hot swollen joint with fever"".","AI Hospital safety policy: uncertainty principle — AI Hospital (internal design policy) (not yet checked)","clinician","NEEDS CLINICIAN REVIEW","app/lib/safety/triage.ts","","","",""
"TQ-bone-fall","triage-question","Joint, back, or bone pain: ""After a fall or injury, cannot move or put weight on it?""","Yes → Urgent — be seen today. Not sure → Urgent — be seen today. No → no change. Summary wording: ""Cannot move or bear weight after injury"" / ""Can bear weight"".","International First Aid, Resuscitation, and Education Guidelines 2020 — International Federation of Red Cross and Red Crescent Societies (IFRC) (not yet checked)","clinician","NEEDS CLINICIAN REVIEW","app/lib/safety/triage.ts","","","",""
"SC-bones-1","self-care","Joint, back, or bone pain: self-care advice 1","Shown only with a self-care result: ""Rest the painful area, and keep gently moving as pain allows.""","Back pain — NHS (UK National Health Service) (not yet checked)","clinician","NEEDS CLINICIAN REVIEW","app/lib/safety/triage.ts","","","",""
"TS-urine","triage-start","Urine problems: starting urgency","Before any answers, ""Urine problems"" starts at: See a health worker within a few days. Reason shown: ""Urine problems should be checked by a doctor"". Departments: general-medicine.","AI Hospital safety policy: uncertainty principle — AI Hospital (internal design policy) (not yet checked)","clinician","NEEDS CLINICIAN REVIEW","app/lib/safety/triage.ts","","","",""
"TQ-urine-none","triage-question","Urine problems: ""Unable to pass urine at all?""","Yes → Urgent — be seen today (now). Not sure → Urgent — be seen today (now). No → no change. Summary wording: ""Unable to pass urine"" / ""Able to pass urine"".","AI Hospital safety policy: uncertainty principle — AI Hospital (internal design policy) (not yet checked)","clinician","NEEDS CLINICIAN REVIEW","app/lib/safety/triage.ts","","","",""
"TQ-urine-fever","triage-question","Urine problems: ""Pain or burning with fever or back pain?""","Yes → Urgent — be seen today. Not sure → Urgent — be seen today. No → no change. Summary wording: ""Urine pain with fever or back pain"" / ""No fever or back pain"".","AI Hospital safety policy: uncertainty principle — AI Hospital (internal design policy) (not yet checked)","clinician","NEEDS CLINICIAN REVIEW","app/lib/safety/triage.ts","","","",""
"TQ-urine-blood","triage-question","Urine problems: ""Blood in the urine?""","Yes → See a health worker within a few days. Not sure → See a health worker within a few days. No → no change. Summary wording: ""Blood in urine"" / ""No blood in urine"".","AI Hospital safety policy: uncertainty principle — AI Hospital (internal design policy) (not yet checked)","clinician","NEEDS CLINICIAN REVIEW","app/lib/safety/triage.ts","","","",""
"TQ-urine-thirst","triage-question","Urine problems: ""Passing urine often and feeling very thirsty?""","Yes → See a health worker within a few days. Not sure → See a health worker within a few days. No → no change. Summary wording: ""Frequent urination and thirst"" / ""No frequent urination with thirst"".","National Programme for Prevention and Control of Non-Communicable Diseases (NP-NCD) — Ministry of Health & Family Welfare (not yet checked)","clinician","NEEDS CLINICIAN REVIEW","app/lib/safety/triage.ts","","","",""
"TS-pregnancy","triage-start","Pregnancy concern: starting urgency","Before any answers, ""Pregnancy concern"" starts at: See a health worker within a few days. Reason shown: ""Pregnancy concerns should be checked by a health worker"". Departments: obstetrics-gynaecology.","Mother and Child Protection (MCP) Card — Ministry of Health & Family Welfare and Ministry of Women & Child Development (not yet checked)","clinician","NEEDS CLINICIAN REVIEW","app/lib/safety/triage.ts","","","",""
"TQ-preg-urine","triage-question","Pregnancy concern: ""Burning while passing urine?""","Yes → See a health worker within a few days. Not sure → See a health worker within a few days. No → no change. Summary wording: ""Burning urine in pregnancy"" / ""No burning urine"".","WHO recommendations on antenatal care for a positive pregnancy experience — World Health Organization (not yet checked)","clinician","NEEDS CLINICIAN REVIEW","app/lib/safety/triage.ts","","","",""
"TQ-preg-mood","triage-question","Pregnancy concern: ""Feeling very sad, worried, or unable to cope?""","Yes → See a health worker within a few days. Not sure → See a health worker within a few days. No → no change. Summary wording: ""Low mood or anxiety in pregnancy"" / ""Mood OK"".","mhGAP Intervention Guide, version 2.0 — World Health Organization (not yet checked)","clinician","NEEDS CLINICIAN REVIEW","app/lib/safety/triage.ts","","","",""
"TS-child","triage-start","Baby or child is unwell: starting urgency","Before any answers, ""Baby or child is unwell"" starts at: See a health worker within a few days. Reason shown: ""A sick young child should be checked by a health worker"". Departments: paediatrics.","Integrated Management of Childhood Illness (IMCI) chart booklet — World Health Organization (not yet checked)","clinician","NEEDS CLINICIAN REVIEW","app/lib/safety/triage.ts","","","",""
"TQ-child-fast","triage-question","Baby or child is unwell: ""Is the child breathing fast?""","Yes → Urgent — be seen today (now). Not sure → Urgent — be seen today (now). No → no change. Summary wording: ""Fast breathing"" / ""Normal breathing rate"".","Integrated Management of Childhood Illness (IMCI) chart booklet — World Health Organization (not yet checked)","clinician","NEEDS CLINICIAN REVIEW","app/lib/safety/triage.ts","","","",""
"TQ-child-dehydrated","triage-question","Baby or child is unwell: ""Diarrhoea with sunken eyes, or drinking very eagerly?""","Yes → Urgent — be seen today (now). Not sure → Urgent — be seen today (now). No → no change. Summary wording: ""Diarrhoea with signs of dehydration"" / ""No signs of dehydration"".","Integrated Management of Childhood Illness (IMCI) chart booklet — World Health Organization (not yet checked)","clinician","NEEDS CLINICIAN REVIEW","app/lib/safety/triage.ts","","","",""
"TQ-child-fever","triage-question","Baby or child is unwell: ""Fever?""","Yes → Urgent — be seen today. Not sure → Urgent — be seen today. No → no change. Summary wording: ""Fever"" / ""No fever"".","Integrated Management of Childhood Illness (IMCI) chart booklet — World Health Organization (not yet checked); National Framework for Malaria Elimination in India 2016–2030 — National Center for Vector Borne Diseases Control, Ministry of Health & Family Welfare (not yet checked)","clinician","NEEDS CLINICIAN REVIEW","app/lib/safety/triage.ts","","","",""
"TQ-child-weight","triage-question","Baby or child is unwell: ""Not growing or gaining weight?""","Yes → See a health worker within a few days. Not sure → See a health worker within a few days. No → no change. Summary wording: ""Poor growth or weight gain"" / ""Growing normally"".","Rashtriya Bal Swasthya Karyakram (RBSK) — National Health Mission, Ministry of Health & Family Welfare (not yet checked)","clinician","NEEDS CLINICIAN REVIEW","app/lib/safety/triage.ts","","","",""
"TS-mental","triage-start","Stress, sadness, or worry: starting urgency","Before any answers, ""Stress, sadness, or worry"" starts at: See a health worker within a few days. Reason shown: ""Talking to a professional helps — support is free"". Departments: mental-health.","Tele-MANAS — National Tele Mental Health Programme — Ministry of Health & Family Welfare (not yet checked)","clinician","NEEDS CLINICIAN REVIEW","app/lib/safety/triage.ts","","","",""
"TQ-mental-suicide","triage-question","Stress, sadness, or worry: ""Thoughts of suicide or harming yourself?""","Yes → EMERGENCY — You are not alone — help is available now. Not sure → EMERGENCY — You are not alone — help is available now. No → no change. Summary wording: ""Thoughts of suicide or self-harm"" / ""No thoughts of suicide or self-harm"".","mhGAP Intervention Guide, version 2.0 — World Health Organization (not yet checked)","clinician","NEEDS CLINICIAN REVIEW","app/lib/safety/triage.ts","","","",""
"TQ-mental-psychosis","triage-question","Stress, sadness, or worry: ""Hearing or seeing things others don't, or very confused?""","Yes → Urgent — be seen today (now). Not sure → Urgent — be seen today (now). No → no change. Summary wording: ""Hearing/seeing things or confusion"" / ""No hallucinations or confusion"".","mhGAP Intervention Guide, version 2.0 — World Health Organization (not yet checked)","clinician","NEEDS CLINICIAN REVIEW","app/lib/safety/triage.ts","","","",""
"TQ-mental-selfcare","triage-question","Stress, sadness, or worry: ""Unable to eat, sleep, or look after yourself?""","Yes → Urgent — be seen today. Not sure → Urgent — be seen today. No → no change. Summary wording: ""Unable to eat, sleep, or self-care"" / ""Managing daily self-care"".","mhGAP Intervention Guide, version 2.0 — World Health Organization (not yet checked)","clinician","NEEDS CLINICIAN REVIEW","app/lib/safety/triage.ts","","","",""
"TQ-mental-2weeks","triage-question","Stress, sadness, or worry: ""Feeling sad, hopeless, or anxious most days for 2 weeks or more?""","Yes → See a health worker within a few days. Not sure → See a health worker within a few days. No → no change. Summary wording: ""Low mood or anxiety for 2+ weeks"" / ""Not low most days for 2 weeks"".","mhGAP Intervention Guide, version 2.0 — World Health Organization (not yet checked)","clinician","NEEDS CLINICIAN REVIEW","app/lib/safety/triage.ts","","","",""
"TQ-mental-substances","triage-question","Stress, sadness, or worry: ""Using alcohol or drugs to cope?""","Yes → See a health worker within a few days. Not sure → See a health worker within a few days. No → no change. Summary wording: ""Using alcohol or drugs to cope"" / ""Not using substances to cope"".","mhGAP Intervention Guide, version 2.0 — World Health Organization (not yet checked)","clinician","NEEDS CLINICIAN REVIEW","app/lib/safety/triage.ts","","","",""
"TS-cancer","triage-start","Lump, unusual bleeding, or weight loss: starting urgency","Before any answers, ""Lump, unusual bleeding, or weight loss"" starts at: See a health worker within a few days. Reason shown: ""These signs should be examined by a doctor"". Departments: oncology.","National Programme for Prevention and Control of Non-Communicable Diseases (NP-NCD) — Ministry of Health & Family Welfare (not yet checked)","clinician","NEEDS CLINICIAN REVIEW","app/lib/safety/triage.ts","","","",""
"TQ-cancer-heavy","triage-question","Lump, unusual bleeding, or weight loss: ""Heavy bleeding that will not stop?""","Yes → EMERGENCY — Heavy bleeding. Not sure → Urgent — be seen today (now). No → no change. Summary wording: ""Heavy bleeding"" / ""No heavy bleeding"".","International First Aid, Resuscitation, and Education Guidelines 2020 — International Federation of Red Cross and Red Crescent Societies (IFRC) (not yet checked)","clinician","NEEDS CLINICIAN REVIEW","app/lib/safety/triage.ts","","","",""
"TQ-cancer-blood","triage-question","Lump, unusual bleeding, or weight loss: ""Vomiting or coughing up blood?""","Yes → Urgent — be seen today. Not sure → Urgent — be seen today. No → no change. Summary wording: ""Vomiting or coughing up blood"" / ""No blood in vomit or cough"".","Cough — NHS (UK National Health Service) (not yet checked)","clinician","NEEDS CLINICIAN REVIEW","app/lib/safety/triage.ts","","","",""
"TQ-cancer-lump","triage-question","Lump, unusual bleeding, or weight loss: ""A new lump anywhere in the body?""","Yes → See a health worker within a few days. Not sure → See a health worker within a few days. No → no change. Summary wording: ""New lump"" / ""No new lump"".","National Programme for Prevention and Control of Non-Communicable Diseases (NP-NCD) — Ministry of Health & Family Welfare (not yet checked)","clinician","NEEDS CLINICIAN REVIEW","app/lib/safety/triage.ts","","","",""
"TQ-cancer-weight","triage-question","Lump, unusual bleeding, or weight loss: ""Losing weight without trying?""","Yes → See a health worker within a few days. Not sure → See a health worker within a few days. No → no change. Summary wording: ""Unexplained weight loss"" / ""No unexplained weight loss"".","National Programme for Prevention and Control of Non-Communicable Diseases (NP-NCD) — Ministry of Health & Family Welfare (not yet checked)","clinician","NEEDS CLINICIAN REVIEW","app/lib/safety/triage.ts","","","",""
"TQ-cancer-unusual","triage-question","Lump, unusual bleeding, or weight loss: ""Bleeding after menopause, between periods, or in urine or stool?""","Yes → See a health worker within a few days. Not sure → See a health worker within a few days. No → no change. Summary wording: ""Unusual bleeding"" / ""No unusual bleeding"".","National Programme for Prevention and Control of Non-Communicable Diseases (NP-NCD) — Ministry of Health & Family Welfare (not yet checked)","clinician","NEEDS CLINICIAN REVIEW","app/lib/safety/triage.ts","","","",""
"TQ-cancer-wound","triage-question","Lump, unusual bleeding, or weight loss: ""A wound or mouth ulcer that does not heal?""","Yes → See a health worker within a few days. Not sure → See a health worker within a few days. No → no change. Summary wording: ""Non-healing wound or ulcer"" / ""No non-healing wound"".","National Programme for Prevention and Control of Non-Communicable Diseases (NP-NCD) — Ministry of Health & Family Welfare (not yet checked)","clinician","NEEDS CLINICIAN REVIEW","app/lib/safety/triage.ts","","","",""
"TS-substance","triage-start","Alcohol or drug problem: starting urgency","Before any answers, ""Alcohol or drug problem"" starts at: See a health worker within a few days. Reason shown: ""Support and treatment are available"". Departments: substance-use.","mhGAP Intervention Guide, version 2.0 — World Health Organization (not yet checked)","clinician","NEEDS CLINICIAN REVIEW","app/lib/safety/triage.ts","","","",""
"TQ-sub-overdose","triage-question","Alcohol or drug problem: ""Has someone taken too much and cannot be woken, or is breathing slowly?""","Yes → EMERGENCY — Possible overdose. Not sure → Urgent — be seen today (now). No → no change. Summary wording: ""Possible overdose"" / ""No overdose signs"".","Opioid overdose — fact sheet — World Health Organization (not yet checked)","clinician","NEEDS CLINICIAN REVIEW","app/lib/safety/triage.ts","","","",""
"TQ-sub-fits","triage-question","Alcohol or drug problem: ""Fits after stopping alcohol?""","Yes → EMERGENCY — Fits (seizure). Not sure → Urgent — be seen today (now). No → no change. Summary wording: ""Fits after stopping alcohol"" / ""No fits"".","mhGAP Intervention Guide, version 2.0 — World Health Organization (not yet checked)","clinician","NEEDS CLINICIAN REVIEW","app/lib/safety/triage.ts","","","",""
"TQ-sub-withdrawal","triage-question","Alcohol or drug problem: ""Severe shaking, confusion, or seeing things after stopping?""","Yes → Urgent — be seen today (now). Not sure → Urgent — be seen today (now). No → no change. Summary wording: ""Severe withdrawal symptoms"" / ""No severe withdrawal symptoms"".","mhGAP Intervention Guide, version 2.0 — World Health Organization (not yet checked)","clinician","NEEDS CLINICIAN REVIEW","app/lib/safety/triage.ts","","","",""
"TQ-sub-needles","triage-question","Alcohol or drug problem: ""Has shared needles or syringes?""","Yes → See a health worker within a few days. Not sure → See a health worker within a few days. No → no change. Summary wording: ""Has shared needles"" / ""Has not shared needles"".","National Guidelines for HIV Care and Treatment — National AIDS Control Organisation (NACO), Ministry of Health & Family Welfare (not yet checked)","clinician","NEEDS CLINICIAN REVIEW","app/lib/safety/triage.ts","","","",""
"TQ-sub-stop","triage-question","Alcohol or drug problem: ""Wants to stop but cannot?""","Yes → See a health worker within a few days. Not sure → See a health worker within a few days. No → no change. Summary wording: ""Wants to stop but cannot"" / ""—"".","mhGAP Intervention Guide, version 2.0 — World Health Organization (not yet checked)","clinician","NEEDS CLINICIAN REVIEW","app/lib/safety/triage.ts","","","",""
"TS-hiv","triage-start","HIV or sexual health concern: starting urgency","Before any answers, ""HIV or sexual health concern"" starts at: See a health worker within a few days. Reason shown: ""Testing and advice are free and confidential"". Departments: hiv-services.","National Guidelines for HIV Care and Treatment — National AIDS Control Organisation (NACO), Ministry of Health & Family Welfare (not yet checked)","clinician","NEEDS CLINICIAN REVIEW","app/lib/safety/triage.ts","","","",""
"TQ-hiv-72h","triage-question","HIV or sexual health concern: ""Possible exposure to HIV in the last 72 hours (3 days)?""","Yes → Urgent — be seen today (now). Not sure → Urgent — be seen today (now). No → no change. Summary wording: ""Possible HIV exposure within 72 hours"" / ""No exposure in the last 72 hours"".","National Guidelines for HIV Care and Treatment — National AIDS Control Organisation (NACO), Ministry of Health & Family Welfare (not yet checked)","clinician","NEEDS CLINICIAN REVIEW","app/lib/safety/triage.ts","","","",""
"TQ-hiv-older","triage-question","HIV or sexual health concern: ""Possible exposure more than 3 days ago?""","Yes → See a health worker within a few days. Not sure → See a health worker within a few days. No → no change. Summary wording: ""Possible HIV exposure over 72 hours ago"" / ""—"".","National Guidelines for HIV Care and Treatment — National AIDS Control Organisation (NACO), Ministry of Health & Family Welfare (not yet checked)","clinician","NEEDS CLINICIAN REVIEW","app/lib/safety/triage.ts","","","",""
"TQ-hiv-symptoms","triage-question","HIV or sexual health concern: ""Sores, unusual discharge, or pain in the private parts?""","Yes → See a health worker within a few days. Not sure → See a health worker within a few days. No → no change. Summary wording: ""Genital sores, discharge, or pain"" / ""No genital symptoms"".","National Guidelines for HIV Care and Treatment — National AIDS Control Organisation (NACO), Ministry of Health & Family Welfare (not yet checked)","clinician","NEEDS CLINICIAN REVIEW","app/lib/safety/triage.ts","","","",""
"TQ-hiv-tb","triage-question","HIV or sexual health concern: ""Living with HIV and has fever, cough, or weight loss?""","Yes → Urgent — be seen today. Not sure → Urgent — be seen today. No → no change. Summary wording: ""Living with HIV with fever, cough, or weight loss"" / ""—"".","National Guidelines for HIV Care and Treatment — National AIDS Control Organisation (NACO), Ministry of Health & Family Welfare (not yet checked); National TB Elimination Programme — technical and operational guidelines — Central TB Division, Ministry of Health & Family Welfare (not yet checked)","clinician","NEEDS CLINICIAN REVIEW","app/lib/safety/triage.ts","","","",""
"TS-other","triage-start","Something else: starting urgency","Before any answers, ""Something else"" starts at: See a health worker within a few days. Reason shown: ""We could not ask specific questions about this problem, so a doctor's advice is recommended"". Departments: general-medicine.","AI Hospital safety policy: uncertainty principle — AI Hospital (internal design policy) (not yet checked)","clinician","NEEDS CLINICIAN REVIEW","app/lib/safety/triage.ts","","","",""
"TQ-yi-feeding","triage-question","Danger sign (babies under 2 months): ""Is the baby not feeding well, or unable to breastfeed?""","Asked for: babies under 2 months, before the problem's own questions. Yes → EMERGENCY — Seriously ill baby or young child. Not sure → Urgent — be seen today (now). No → no change. Summary wording: ""Baby not feeding well"" / ""Baby is feeding"".","Integrated Management of Childhood Illness (IMCI) chart booklet — World Health Organization (not yet checked)","clinician","NEEDS CLINICIAN REVIEW","app/lib/safety/triage.ts (populationQuestions)","","","",""
"TQ-yi-movement","triage-question","Danger sign (babies under 2 months): ""Does the baby move only when touched, or not move at all?""","Asked for: babies under 2 months, before the problem's own questions. Yes → EMERGENCY — Seriously ill baby or young child. Not sure → Urgent — be seen today (now). No → no change. Summary wording: ""Baby moves only when stimulated"" / ""Baby moving normally"".","Integrated Management of Childhood Illness (IMCI) chart booklet — World Health Organization (not yet checked)","clinician","NEEDS CLINICIAN REVIEW","app/lib/safety/triage.ts (populationQuestions)","","","",""
"TQ-yi-breathing","triage-question","Danger sign (babies under 2 months): ""Is the baby breathing very fast, or does the chest pull in with each breath?""","Asked for: babies under 2 months, before the problem's own questions. Yes → EMERGENCY — Seriously ill baby or young child. Not sure → Urgent — be seen today (now). No → no change. Summary wording: ""Fast breathing or chest indrawing"" / ""No fast breathing or chest indrawing"".","Integrated Management of Childhood Illness (IMCI) chart booklet — World Health Organization (not yet checked)","clinician","NEEDS CLINICIAN REVIEW","app/lib/safety/triage.ts (populationQuestions)","","","",""
"TQ-yi-temp","triage-question","Danger sign (babies under 2 months): ""Does the baby feel hot (fever), or unusually cold?""","Asked for: babies under 2 months, before the problem's own questions. Yes → Urgent — be seen today (now). Not sure → Urgent — be seen today (now). No → no change. Summary wording: ""Fever or low temperature in a young baby"" / ""No fever or low temperature"".","Integrated Management of Childhood Illness (IMCI) chart booklet — World Health Organization (not yet checked); Fever in children — NHS (UK National Health Service) (not yet checked)","clinician","NEEDS CLINICIAN REVIEW","app/lib/safety/triage.ts (populationQuestions)","","","",""
"TQ-c5-drink","triage-question","Danger sign (children 2 months–4 years): ""Is the child unable to drink or breastfeed?""","Asked for: children 2 months–4 years, before the problem's own questions. Yes → EMERGENCY — Seriously ill baby or young child. Not sure → Urgent — be seen today (now). No → no change. Summary wording: ""Unable to drink or breastfeed"" / ""Able to drink"".","Integrated Management of Childhood Illness (IMCI) chart booklet — World Health Organization (not yet checked)","clinician","NEEDS CLINICIAN REVIEW","app/lib/safety/triage.ts (populationQuestions)","","","",""
"TQ-c5-vomit","triage-question","Danger sign (children 2 months–4 years): ""Does the child vomit everything they eat or drink?""","Asked for: children 2 months–4 years, before the problem's own questions. Yes → EMERGENCY — Seriously ill baby or young child. Not sure → Urgent — be seen today (now). No → no change. Summary wording: ""Vomits everything"" / ""Not vomiting everything"".","Integrated Management of Childhood Illness (IMCI) chart booklet — World Health Organization (not yet checked)","clinician","NEEDS CLINICIAN REVIEW","app/lib/safety/triage.ts (populationQuestions)","","","",""
"TQ-c5-lethargic","triage-question","Danger sign (children 2 months–4 years): ""Is the child very sleepy, floppy, or difficult to wake?""","Asked for: children 2 months–4 years, before the problem's own questions. Yes → EMERGENCY — Seriously ill baby or young child. Not sure → Urgent — be seen today (now). No → no change. Summary wording: ""Very sleepy or difficult to wake"" / ""Alert"".","Integrated Management of Childhood Illness (IMCI) chart booklet — World Health Organization (not yet checked)","clinician","NEEDS CLINICIAN REVIEW","app/lib/safety/triage.ts (populationQuestions)","","","",""
"TQ-c5-chest","triage-question","Danger sign (children 2 months–4 years): ""Does the child's chest pull in when they breathe in?""","Asked for: children 2 months–4 years, before the problem's own questions. Yes → EMERGENCY — Seriously ill baby or young child. Not sure → Urgent — be seen today (now). No → no change. Summary wording: ""Chest indrawing"" / ""No chest indrawing"".","Integrated Management of Childhood Illness (IMCI) chart booklet — World Health Organization (not yet checked)","clinician","NEEDS CLINICIAN REVIEW","app/lib/safety/triage.ts (populationQuestions)","","","",""
"TQ-any-fits","triage-question","Danger sign (babies under 2 months, children 2 months–4 years): ""Has the person had fits (seizures) with this illness?""","Asked for: babies under 2 months, children 2 months–4 years, before the problem's own questions. Yes → EMERGENCY — Fits (seizure). Not sure → Urgent — be seen today (now). No → no change. Summary wording: ""Fits during this illness"" / ""No fits"".","Integrated Management of Childhood Illness (IMCI) chart booklet — World Health Organization (not yet checked)","clinician","NEEDS CLINICIAN REVIEW","app/lib/safety/triage.ts (populationQuestions)","","","",""
"TQ-preg-bleeding","triage-question","Danger sign (pregnant women): ""Is there any bleeding from the vagina?""","Asked for: pregnant women, before the problem's own questions. Yes → EMERGENCY — Pregnancy danger sign. Not sure → Urgent — be seen today (now). No → no change. Summary wording: ""Vaginal bleeding in pregnancy"" / ""No vaginal bleeding"".","Mother and Child Protection (MCP) Card — Ministry of Health & Family Welfare and Ministry of Women & Child Development (not yet checked)","clinician","NEEDS CLINICIAN REVIEW","app/lib/safety/triage.ts (populationQuestions)","","","",""
"TQ-preg-headache","triage-question","Danger sign (pregnant women): ""Severe headache, blurred vision, fits, or swelling of the face and hands?""","Asked for: pregnant women, before the problem's own questions. Yes → EMERGENCY — Pregnancy danger sign. Not sure → Urgent — be seen today (now). No → no change. Summary wording: ""Severe headache, blurred vision, fits, or face/hand swelling in pregnancy"" / ""No severe headache, blurred vision, fits, or face/hand swelling"".","Mother and Child Protection (MCP) Card — Ministry of Health & Family Welfare and Ministry of Women & Child Development (not yet checked)","clinician","NEEDS CLINICIAN REVIEW","app/lib/safety/triage.ts (populationQuestions)","","","",""
"TQ-preg-water","triage-question","Danger sign (pregnant women): ""Has the water broken, or are there regular painful contractions?""","Asked for: pregnant women, before the problem's own questions. Yes → EMERGENCY — Pregnancy danger sign. Not sure → Urgent — be seen today (now). No → no change. Summary wording: ""Water broken or regular contractions"" / ""Water not broken, no regular contractions"".","Mother and Child Protection (MCP) Card — Ministry of Health & Family Welfare and Ministry of Women & Child Development (not yet checked)","clinician","NEEDS CLINICIAN REVIEW","app/lib/safety/triage.ts (populationQuestions)","","","",""
"TQ-preg-movement","triage-question","Danger sign (pregnant women): ""Is the baby moving less than usual?""","Asked for: pregnant women, before the problem's own questions. Yes → EMERGENCY — Pregnancy danger sign. Not sure → Urgent — be seen today (now). No → no change. Summary wording: ""Reduced baby movements"" / ""Baby moving as usual"".","Mother and Child Protection (MCP) Card — Ministry of Health & Family Welfare and Ministry of Women & Child Development (not yet checked)","clinician","NEEDS CLINICIAN REVIEW","app/lib/safety/triage.ts (populationQuestions)","","","",""
"TQ-preg-fever","triage-question","Danger sign (pregnant women): ""Is there a high fever?""","Asked for: pregnant women, before the problem's own questions. Yes → Urgent — be seen today (now). Not sure → Urgent — be seen today (now). No → no change. Summary wording: ""High fever in pregnancy"" / ""No high fever"".","Mother and Child Protection (MCP) Card — Ministry of Health & Family Welfare and Ministry of Women & Child Development (not yet checked)","clinician","NEEDS CLINICIAN REVIEW","app/lib/safety/triage.ts (populationQuestions)","","","",""
"TQ-pp-bleeding","triage-question","Danger sign (women who gave birth in the last 6 weeks): ""Is there heavy bleeding from the vagina?""","Asked for: women who gave birth in the last 6 weeks, before the problem's own questions. Yes → EMERGENCY — Danger sign after giving birth. Not sure → Urgent — be seen today (now). No → no change. Summary wording: ""Heavy bleeding after birth"" / ""No heavy bleeding"".","WHO recommendations on maternal and newborn care for a positive postnatal experience — World Health Organization (not yet checked)","clinician","NEEDS CLINICIAN REVIEW","app/lib/safety/triage.ts (populationQuestions)","","","",""
"TQ-pp-fits","triage-question","Danger sign (women who gave birth in the last 6 weeks): ""Fits, severe headache, blurred vision, or difficulty breathing?""","Asked for: women who gave birth in the last 6 weeks, before the problem's own questions. Yes → EMERGENCY — Danger sign after giving birth. Not sure → Urgent — be seen today (now). No → no change. Summary wording: ""Fits, severe headache, blurred vision, or breathing difficulty after birth"" / ""No fits, severe headache, blurred vision, or breathing difficulty"".","WHO recommendations on maternal and newborn care for a positive postnatal experience — World Health Organization (not yet checked)","clinician","NEEDS CLINICIAN REVIEW","app/lib/safety/triage.ts (populationQuestions)","","","",""
"TQ-pp-harm","triage-question","Danger sign (women who gave birth in the last 6 weeks): ""Any thoughts of harming yourself or the baby?""","Asked for: women who gave birth in the last 6 weeks, before the problem's own questions. Yes → EMERGENCY — You are not alone — help is available now. Not sure → Urgent — be seen today (now). No → no change. Summary wording: ""Thoughts of harming self or baby"" / ""No thoughts of harm"".","WHO recommendations on maternal and newborn care for a positive postnatal experience — World Health Organization (not yet checked); mhGAP Intervention Guide, version 2.0 — World Health Organization (not yet checked)","clinician","NEEDS CLINICIAN REVIEW","app/lib/safety/triage.ts (populationQuestions)","","","",""
"TQ-pp-fever","triage-question","Danger sign (women who gave birth in the last 6 weeks): ""Fever, foul-smelling discharge, or a painful, swollen leg?""","Asked for: women who gave birth in the last 6 weeks, before the problem's own questions. Yes → Urgent — be seen today (now). Not sure → Urgent — be seen today (now). No → no change. Summary wording: ""Fever, foul discharge, or painful swollen leg after birth"" / ""No fever, foul discharge, or swollen leg"".","WHO recommendations on maternal and newborn care for a positive postnatal experience — World Health Organization (not yet checked)","clinician","NEEDS CLINICIAN REVIEW","app/lib/safety/triage.ts (populationQuestions)","","","",""
"TQ-immuno-fever","triage-question","Danger sign (people with a weak immune system): ""Is there a fever, or feeling hot and shivery?""","Asked for: people with a weak immune system, before the problem's own questions. Yes → Urgent — be seen today (now). Not sure → Urgent — be seen today (now). No → no change. Summary wording: ""Fever with a weak immune system"" / ""No fever"".","Sepsis — NHS (UK National Health Service) (not yet checked)","clinician","NEEDS CLINICIAN REVIEW","app/lib/safety/triage.ts (populationQuestions)","","","",""
"P-SEVERE","triage-policy","The problem is severe","When: Patient says the problem is severe. Effect: raises urgency to at least Urgent — be seen today. Policy rules can only raise urgency, never lower it.","AI Hospital safety policy: uncertainty principle — AI Hospital (internal design policy) (not yet checked)","clinician","NEEDS CLINICIAN REVIEW","app/lib/safety/triage.ts (POLICY_RULES)","","","",""
"P-MODERATE","triage-policy","The problem makes normal activities hard","When: Patient says it makes normal activities hard. Effect: raises urgency to at least See a health worker within a few days. Policy rules can only raise urgency, never lower it.","AI Hospital safety policy: uncertainty principle — AI Hospital (internal design policy) (not yet checked)","clinician","NEEDS CLINICIAN REVIEW","app/lib/safety/triage.ts (POLICY_RULES)","","","",""
"P-WORSE","triage-policy","It is getting worse","When: Patient says it is getting worse. Effect: raises urgency to at least See a health worker within a few days. Policy rules can only raise urgency, never lower it.","AI Hospital safety policy: uncertainty principle — AI Hospital (internal design policy) (not yet checked)","clinician","NEEDS CLINICIAN REVIEW","app/lib/safety/triage.ts (POLICY_RULES)","","","",""
"P-2WEEKS","triage-policy","It has lasted more than 2 weeks","When: Duration more than 2 weeks. Effect: raises urgency to at least See a health worker within a few days. Policy rules can only raise urgency, never lower it.","AI Hospital safety policy: uncertainty principle — AI Hospital (internal design policy) (not yet checked)","clinician","NEEDS CLINICIAN REVIEW","app/lib/safety/triage.ts (POLICY_RULES)","","","",""
"P-3DAYS","triage-policy","It has lasted more than 3 days without getting better","When: Duration 4–14 days and not getting better. Effect: raises urgency to at least See a health worker within a few days. Policy rules can only raise urgency, never lower it.","AI Hospital safety policy: uncertainty principle — AI Hospital (internal design policy) (not yet checked)","clinician","NEEDS CLINICIAN REVIEW","app/lib/safety/triage.ts (POLICY_RULES)","","","",""
"P-INFANT","triage-policy","Babies under 2 months can become seriously ill quickly","When: Age under 2 months. Effect: raises urgency to at least Urgent — be seen today (now). Policy rules can only raise urgency, never lower it.","Integrated Management of Childhood Illness (IMCI) chart booklet — World Health Organization (not yet checked)","clinician","NEEDS CLINICIAN REVIEW","app/lib/safety/triage.ts (POLICY_RULES)","","","",""
"P-UNDER5","triage-policy","A sick young child should be checked by a health worker","When: Age 2 months to 4 years. Effect: raises urgency to at least See a health worker within a few days. Policy rules can only raise urgency, never lower it.","Integrated Management of Childhood Illness (IMCI) chart booklet — World Health Organization (not yet checked)","clinician","NEEDS CLINICIAN REVIEW","app/lib/safety/triage.ts (POLICY_RULES)","","","",""
"P-OLDER","triage-policy","People aged 60 and over should have new symptoms checked","When: Age 60 or older. Effect: raises urgency to at least See a health worker within a few days. Policy rules can only raise urgency, never lower it.","AI Hospital safety policy: uncertainty principle — AI Hospital (internal design policy) (not yet checked)","clinician","NEEDS CLINICIAN REVIEW","app/lib/safety/triage.ts (POLICY_RULES)","","","",""
"P-PREGNANT","triage-policy","Pregnancy needs extra care","When: Pregnant. Effect: raises urgency to at least See a health worker within a few days. Policy rules can only raise urgency, never lower it.","Mother and Child Protection (MCP) Card — Ministry of Health & Family Welfare and Ministry of Women & Child Development (not yet checked)","clinician","NEEDS CLINICIAN REVIEW","app/lib/safety/triage.ts (POLICY_RULES)","","","",""
"P-POSTPARTUM","triage-policy","The weeks after giving birth need extra care","When: Gave birth in the last 6 weeks. Effect: raises urgency to at least See a health worker within a few days. Policy rules can only raise urgency, never lower it.","WHO recommendations on maternal and newborn care for a positive postnatal experience — World Health Organization (not yet checked)","clinician","NEEDS CLINICIAN REVIEW","app/lib/safety/triage.ts (POLICY_RULES)","","","",""
"P-IMMUNO","triage-policy","A weak immune system needs extra care","When: Weak immune system. Effect: raises urgency to at least See a health worker within a few days. Policy rules can only raise urgency, never lower it.","Sepsis — NHS (UK National Health Service) (not yet checked)","clinician","NEEDS CLINICIAN REVIEW","app/lib/safety/triage.ts (POLICY_RULES)","","","",""
"P-MISSING","triage-policy","Not enough information to recommend self-care","When: Result would be self-care but duration, severity or course is unknown. Effect: raises urgency to at least See a health worker within a few days. Policy rules can only raise urgency, never lower it.","AI Hospital safety policy: uncertainty principle — AI Hospital (internal design policy) (not yet checked)","clinician","NEEDS CLINICIAN REVIEW","app/lib/safety/triage.ts (POLICY_RULES)","","","",""
"W-level-RED","wording","Result wording: Emergency","Emergency / Based on the information you provided, this may be an emergency. Call 108 or 112 now, or go to the nearest hospital emergency department.","No source recorded","clinician","NEEDS CLINICIAN REVIEW","app/lib/safety/language.ts","","","",""
"W-level-ORANGE","wording","Result wording: Urgent — be seen today","Urgent medical assessment / Based on the information you provided, seeking urgent medical assessment is recommended today. Go to a hospital or health centre today. / Based on the information you provided, seeking urgent medical assessment is recommended now. Go to a hospital or health centre as soon as possible — do not wait.","No source recorded","clinician","NEEDS CLINICIAN REVIEW","app/lib/safety/language.ts","","","",""
"W-level-YELLOW","wording","Result wording: See a health worker within a few days","See a doctor soon / Based on the information you provided, a consultation with a doctor is recommended within the next few days. An online consultation may be a good first step.","No source recorded","clinician","NEEDS CLINICIAN REVIEW","app/lib/safety/language.ts","","","",""
"W-level-GREEN","wording","Result wording: Self-care with warning signs","Usually suitable for self-care / Based on the information you provided, this is usually suitable for self-care at home. Watch for the warning signs below, and see a doctor if things change.","No source recorded","clinician","NEEDS CLINICIAN REVIEW","app/lib/safety/language.ts","","","",""
"W-emergency-spoken","wording","Spoken by the virtual doctor when an emergency is found","These symptoms may need emergency medical attention. Call 108 or 112 now, or go to the nearest hospital emergency department.","No source recorded","clinician","NEEDS CLINICIAN REVIEW","app/lib/safety/language.ts","","","",""
"W-limit-prescription","wording","Doctor's limit, said when asked about: prescription","I can't suggest or prescribe medicines or doses — that needs a doctor or pharmacist who can check what is right for you. I've added your question to your summary so you can ask them.","No source recorded","clinician","NEEDS CLINICIAN REVIEW","app/lib/safety/language.ts","","","",""
"W-limit-diagnosis","wording","Doctor's limit, said when asked about: diagnosis","I can't tell you what it is — only a doctor, with an examination and sometimes tests, can do that. What I can do is help decide how soon you should be seen, and prepare your summary. I've added your question to it.","No source recorded","clinician","NEEDS CLINICIAN REVIEW","app/lib/safety/language.ts","","","",""
"W-limit-test","wording","Doctor's limit, said when asked about: test","Whether a test is needed is a decision for a doctor or health worker. I've added your question to your summary so you can ask them.","No source recorded","clinician","NEEDS CLINICIAN REVIEW","app/lib/safety/language.ts","","","",""
"W-limit-serious","wording","Doctor's limit, said when asked about: serious","I can't tell how serious it is yet — that is what these questions help with. At the end I'll tell you how soon to be seen, and why.","No source recorded","clinician","NEEDS CLINICIAN REVIEW","app/lib/safety/language.ts","","","",""
"W-professional-request","wording","Said when the patient asks for a real doctor or health worker","Of course. Speaking with a real doctor or health worker is always your choice. I can prepare a summary of what you've told me so far to take with you. You can see the ways to reach one now, or we can carry on so the summary is more complete.","No source recorded","clinician","NEEDS CLINICIAN REVIEW","app/lib/safety/language.ts","","","",""
"W-knowledge-limit","wording","Said when a health question has no verified answer","I don't have verified information about that in my health guide yet, and I don't want to guess about medical information.","No source recorded","clinician","NEEDS CLINICIAN REVIEW","app/lib/safety/language.ts","","","",""
"W-explain-concern","wording","“What do you mean?” — the concern step re-said simply","Just tell me in your own words what is bothering you — for example pain, fever, breathing, cough, stomach problems, or something else.","No source recorded","clinician","NEEDS CLINICIAN REVIEW","app/lib/consultation.ts (EXPLAIN_LINES)","","","",""
"W-explain-concern-more","wording","“What do you mean?” — the concern-more step re-said simply","Just tell me in your own words what is bothering you most — for example pain, fever, breathing, cough, stomach problems, or something else.","No source recorded","clinician","NEEDS CLINICIAN REVIEW","app/lib/consultation.ts (EXPLAIN_LINES)","","","",""
"W-explain-check","wording","“What do you mean?” — the check step re-said simply","I'm asking if anything very serious is happening right now — like chest pain, great difficulty breathing, heavy bleeding, or someone who cannot be woken. If none of these is happening, choose “None of these”.","No source recorded","clinician","NEEDS CLINICIAN REVIEW","app/lib/consultation.ts (EXPLAIN_LINES)","","","",""
"W-explain-complaint","wording","“What do you mean?” — the complaint step re-said simply","Choose the group that sounds closest to the main problem. If none fits, choose “Something else”.","No source recorded","clinician","NEEDS CLINICIAN REVIEW","app/lib/consultation.ts (EXPLAIN_LINES)","","","",""
"W-explain-describe","wording","“What do you mean?” — the describe step re-said simply","Tell me what the feeling is like — for example pain, pressure or tightness, burning, or something else. It's fine if you can't describe it.","No source recorded","clinician","NEEDS CLINICIAN REVIEW","app/lib/consultation.ts (EXPLAIN_LINES)","","","",""
"W-explain-body","wording","“What do you mean?” — the body step re-said simply","Show me where on the body the problem is. You can tap the picture, or say it in words.","No source recorded","clinician","NEEDS CLINICIAN REVIEW","app/lib/consultation.ts (EXPLAIN_LINES)","","","",""
"W-explain-duration","wording","“What do you mean?” — the duration step re-said simply","When did this problem first start — today, a few days ago, or longer ago? A rough idea is fine.","No source recorded","clinician","NEEDS CLINICIAN REVIEW","app/lib/consultation.ts (EXPLAIN_LINES)","","","",""
"W-explain-who","wording","“What do you mean?” — the who step re-said simply","Are you asking about your own health, or about someone else, like a child or a parent?","No source recorded","clinician","NEEDS CLINICIAN REVIEW","app/lib/consultation.ts (EXPLAIN_LINES)","","","",""
"W-explain-age","wording","“What do you mean?” — the age step re-said simply","That's okay — an approximate age is fine. For example, is it a baby, a child, an adult, or someone over 60?","No source recorded","clinician","NEEDS CLINICIAN REVIEW","app/lib/consultation.ts (EXPLAIN_LINES)","","","",""
"W-explain-sex","wording","“What do you mean?” — the sex step re-said simply","Some questions are only for women or only for men. You can also choose not to say.","No source recorded","clinician","NEEDS CLINICIAN REVIEW","app/lib/consultation.ts (EXPLAIN_LINES)","","","",""
"W-explain-special","wording","“What do you mean?” — the special step re-said simply","Some things change how soon someone should be seen: being pregnant, having given birth in the last 6 weeks, or a weaker defence against infection — for example because of HIV, cancer treatment or steroid medicines.","No source recorded","clinician","NEEDS CLINICIAN REVIEW","app/lib/consultation.ts (EXPLAIN_LINES)","","","",""
"W-explain-progression","wording","“What do you mean?” — the progression step re-said simply","Since it first started, is it getting better, getting worse, or staying about the same?","No source recorded","clinician","NEEDS CLINICIAN REVIEW","app/lib/consultation.ts (EXPLAIN_LINES)","","","",""
"W-explain-severity","wording","“What do you mean?” — the severity step re-said simply","How much does it stop you doing your normal activities? Mild means you can still do them, moderate means it is hard, and severe means you can hardly do anything.","No source recorded","clinician","NEEDS CLINICIAN REVIEW","app/lib/consultation.ts (EXPLAIN_LINES)","","","",""
"W-explain-medicines","wording","“What do you mean?” — the medicines step re-said simply","Any tablets, syrups, injections or inhalers you take now — including from a pharmacy or traditional medicine. You can say “none” or “I don't know”.","No source recorded","clinician","NEEDS CLINICIAN REVIEW","app/lib/consultation.ts (EXPLAIN_LINES)","","","",""
"W-explain-allergies","wording","“What do you mean?” — the allergies step re-said simply","Has any medicine, food or anything else ever caused a bad reaction — like a rash, swelling, or difficulty breathing?","No source recorded","clinician","NEEDS CLINICIAN REVIEW","app/lib/consultation.ts (EXPLAIN_LINES)","","","",""
"W-explain-conditions","wording","“What do you mean?” — the conditions step re-said simply","Has a doctor or health worker ever told you that you have a long-term illness — such as diabetes, high blood pressure, asthma or TB?","No source recorded","clinician","NEEDS CLINICIAN REVIEW","app/lib/consultation.ts (EXPLAIN_LINES)","","","",""
"W-explain-c:temp","wording","“What do you mean?” — the c:temp step re-said simply","If you checked the temperature with a thermometer, tell me the number. If not, choose “Not measured”.","No source recorded","clinician","NEEDS CLINICIAN REVIEW","app/lib/consultation.ts (EXPLAIN_LINES)","","","",""
"W-explain-recheck","wording","“What do you mean?” — the recheck step re-said simply","You told me two different things. I want to write down the right one. Choose “Yes” to change your earlier answer, “No” to keep it, or “Not sure”.","No source recorded","clinician","NEEDS CLINICIAN REVIEW","app/lib/consultation.ts (EXPLAIN_LINES)","","","",""
"W-why-check","wording","“Why do you ask?” — check","Some problems need help straight away. I'm checking so that an emergency is never missed.","No source recorded","clinician","NEEDS CLINICIAN REVIEW","app/lib/consultation.ts (WHY_SAFETY, WHY_LINES)","","","",""
"W-why-warning","wording","“Why do you ask?” — warning","I'm asking because this can be a warning sign that needs urgent care.","No source recorded","clinician","NEEDS CLINICIAN REVIEW","app/lib/consultation.ts (WHY_SAFETY, WHY_LINES)","","","",""
"W-why-urgency","wording","“Why do you ask?” — urgency","I'm asking because this can affect how urgently someone should be assessed.","No source recorded","clinician","NEEDS CLINICIAN REVIEW","app/lib/consultation.ts (WHY_SAFETY, WHY_LINES)","","","",""
"W-why-routine","wording","“Why do you ask?” — routine","I'm asking because it helps decide what kind of care may be appropriate.","No source recorded","clinician","NEEDS CLINICIAN REVIEW","app/lib/consultation.ts (WHY_SAFETY, WHY_LINES)","","","",""
"W-why-summary","wording","“Why do you ask?” — summary","This goes into the summary for the doctor. It helps them, and it doesn't change my advice.","No source recorded","clinician","NEEDS CLINICIAN REVIEW","app/lib/consultation.ts (WHY_SAFETY, WHY_LINES)","","","",""
"W-why-concern","wording","“Why do you ask?” — concern","So I understand what is worrying you, and ask questions that fit.","No source recorded","clinician","NEEDS CLINICIAN REVIEW","app/lib/consultation.ts (WHY_SAFETY, WHY_LINES)","","","",""
"W-why-concern-more","wording","“Why do you ask?” — concern-more","So I understand what is worrying you, and ask questions that fit.","No source recorded","clinician","NEEDS CLINICIAN REVIEW","app/lib/consultation.ts (WHY_SAFETY, WHY_LINES)","","","",""
"W-why-complaint","wording","“Why do you ask?” — complaint","So the questions I ask fit the problem.","No source recorded","clinician","NEEDS CLINICIAN REVIEW","app/lib/consultation.ts (WHY_SAFETY, WHY_LINES)","","","",""
"W-why-describe","wording","“Why do you ask?” — describe","How it feels helps me ask the right questions, and notice anything that may be urgent.","No source recorded","clinician","NEEDS CLINICIAN REVIEW","app/lib/consultation.ts (WHY_SAFETY, WHY_LINES)","","","",""
"W-why-body","wording","“Why do you ask?” — body","Where it is helps decide which service may be right, and the doctor will want to know.","No source recorded","clinician","NEEDS CLINICIAN REVIEW","app/lib/consultation.ts (WHY_SAFETY, WHY_LINES)","","","",""
"W-why-duration","wording","“Why do you ask?” — duration","How long a problem has lasted can change how soon someone should be checked.","No source recorded","clinician","NEEDS CLINICIAN REVIEW","app/lib/consultation.ts (WHY_SAFETY, WHY_LINES)","","","",""
"W-why-who","wording","“Why do you ask?” — who","So I ask the questions the right way, and the summary is about the right person.","No source recorded","clinician","NEEDS CLINICIAN REVIEW","app/lib/consultation.ts (WHY_SAFETY, WHY_LINES)","","","",""
"W-why-age","wording","“Why do you ask?” — age","Some problems need more care at certain ages — for example in babies and older people.","No source recorded","clinician","NEEDS CLINICIAN REVIEW","app/lib/consultation.ts (WHY_SAFETY, WHY_LINES)","","","",""
"W-why-sex","wording","“Why do you ask?” — sex","Some questions only apply to women, for example about pregnancy.","No source recorded","clinician","NEEDS CLINICIAN REVIEW","app/lib/consultation.ts (WHY_SAFETY, WHY_LINES)","","","",""
"W-why-special","wording","“Why do you ask?” — special","Pregnancy, a recent birth, or a weaker immune system can change how soon someone should be seen.","No source recorded","clinician","NEEDS CLINICIAN REVIEW","app/lib/consultation.ts (WHY_SAFETY, WHY_LINES)","","","",""
"W-why-progression","wording","“Why do you ask?” — progression","Whether it is getting better or worse helps decide how soon to be seen.","No source recorded","clinician","NEEDS CLINICIAN REVIEW","app/lib/consultation.ts (WHY_SAFETY, WHY_LINES)","","","",""
"W-why-severity","wording","“Why do you ask?” — severity","How much it affects you helps decide how soon someone should check it.","No source recorded","clinician","NEEDS CLINICIAN REVIEW","app/lib/consultation.ts (WHY_SAFETY, WHY_LINES)","","","",""
"W-why-medicines","wording","“Why do you ask?” — medicines","The doctor needs to know what is already being taken, so nothing clashes. I won't suggest any medicine.","No source recorded","clinician","NEEDS CLINICIAN REVIEW","app/lib/consultation.ts (WHY_SAFETY, WHY_LINES)","","","",""
"W-why-allergies","wording","“Why do you ask?” — allergies","So the doctor can avoid anything that has caused a bad reaction before.","No source recorded","clinician","NEEDS CLINICIAN REVIEW","app/lib/consultation.ts (WHY_SAFETY, WHY_LINES)","","","",""
"W-why-conditions","wording","“Why do you ask?” — conditions","Long-term conditions can change what care is safest.","No source recorded","clinician","NEEDS CLINICIAN REVIEW","app/lib/consultation.ts (WHY_SAFETY, WHY_LINES)","","","",""
"W-why-recheck","wording","“Why do you ask?” — recheck","Two of your answers did not match. I'd rather ask than guess, so your summary is right.","No source recorded","clinician","NEEDS CLINICIAN REVIEW","app/lib/consultation.ts (WHY_SAFETY, WHY_LINES)","","","",""
"W-failsafe","wording","Shown if the check cannot be completed (software error)","We could not complete the check. If you feel very unwell or think this may be an emergency, call 108 or 112 now. Otherwise, please see a doctor or health worker today.","No source recorded","clinician","NEEDS CLINICIAN REVIEW","app/lib/safety/language.ts","","","",""
"W-safety-net","wording","Safety-net advice shown with every non-emergency result","You get worse, or new symptoms appear / You are not getting better after 3 days / You are worried for any reason","No source recorded","clinician","NEEDS CLINICIAN REVIEW","app/lib/safety/language.ts","","","",""
"W-age-groups","wording","Age groups used for triage","Baby under 2 months / 2 months to 4 years / 5 to 17 years / 18 to 59 years / 60 years or older","Integrated Management of Childhood Illness (IMCI) chart booklet — World Health Organization (not yet checked)","clinician","NEEDS CLINICIAN REVIEW","app/lib/safety/triage.ts","","","",""
"GL-breathless","glossary","""short of breath""","Explained to patients as: ""short of breath means it feels difficult to breathe, or you feel you are not getting enough air.""","No source recorded","clinician","NEEDS CLINICIAN REVIEW","app/lib/knowledge/glossary.ts","","","",""
"GL-fast-breathing","glossary","""fast breathing""","Explained to patients as: ""fast breathing means taking many quick breaths, more than usual, even when resting.""","No source recorded","clinician","NEEDS CLINICIAN REVIEW","app/lib/knowledge/glossary.ts","","","",""
"GL-chest-indrawing","glossary","""chest pulls in""","Explained to patients as: ""chest pulls in means the skin between or below the ribs sinks in with each breath.""","No source recorded","clinician","NEEDS CLINICIAN REVIEW","app/lib/knowledge/glossary.ts","","","",""
"GL-wheezing","glossary","""wheezing""","Explained to patients as: ""wheezing means a whistling sound when breathing out.""","No source recorded","clinician","NEEDS CLINICIAN REVIEW","app/lib/knowledge/glossary.ts","","","",""
"GL-tightness","glossary","""tightness""","Explained to patients as: ""tightness means a squeezing or pressing feeling.""","No source recorded","clinician","NEEDS CLINICIAN REVIEW","app/lib/knowledge/glossary.ts","","","",""
"GL-pressure","glossary","""pressure""","Explained to patients as: ""pressure means a heavy, pressing or squeezing feeling.""","No source recorded","clinician","NEEDS CLINICIAN REVIEW","app/lib/knowledge/glossary.ts","","","",""
"GL-phlegm","glossary","""phlegm""","Explained to patients as: ""phlegm means the thick liquid you cough up.""","No source recorded","clinician","NEEDS CLINICIAN REVIEW","app/lib/knowledge/glossary.ts","","","",""
"GL-inhaler","glossary","""inhaler""","Explained to patients as: ""inhaler means a small device you breathe medicine in from.""","No source recorded","clinician","NEEDS CLINICIAN REVIEW","app/lib/knowledge/glossary.ts","","","",""
"GL-asthma","glossary","""asthma""","Explained to patients as: ""asthma means a long-term condition where the airways become narrow, making breathing hard at times.""","No source recorded","clinician","NEEDS CLINICIAN REVIEW","app/lib/knowledge/glossary.ts","","","",""
"GL-fever","glossary","""fever""","Explained to patients as: ""fever means the body feels hotter than normal, sometimes with shivering.""","No source recorded","clinician","NEEDS CLINICIAN REVIEW","app/lib/knowledge/glossary.ts","","","",""
"GL-chills","glossary","""chills""","Explained to patients as: ""chills means feeling cold and shaking, even when it is not cold.""","No source recorded","clinician","NEEDS CLINICIAN REVIEW","app/lib/knowledge/glossary.ts","","","",""
"GL-temperature","glossary","""temperature""","Explained to patients as: ""temperature means how hot the body is, measured with a thermometer.""","No source recorded","clinician","NEEDS CLINICIAN REVIEW","app/lib/knowledge/glossary.ts","","","",""
"GL-thermometer","glossary","""thermometer""","Explained to patients as: ""thermometer means a small tool for measuring how hot the body is.""","No source recorded","clinician","NEEDS CLINICIAN REVIEW","app/lib/knowledge/glossary.ts","","","",""
"GL-dizzy","glossary","""dizzy""","Explained to patients as: ""dizzy means feeling light-headed, faint, or as if the room is spinning.""","No source recorded","clinician","NEEDS CLINICIAN REVIEW","app/lib/knowledge/glossary.ts","","","",""
"GL-faint","glossary","""fainting""","Explained to patients as: ""fainting means suddenly passing out for a short time.""","No source recorded","clinician","NEEDS CLINICIAN REVIEW","app/lib/knowledge/glossary.ts","","","",""
"GL-confusion","glossary","""confusion""","Explained to patients as: ""confusion means not thinking clearly, not knowing where they are, or not making sense.""","No source recorded","clinician","NEEDS CLINICIAN REVIEW","app/lib/knowledge/glossary.ts","","","",""
"GL-floppy","glossary","""floppy""","Explained to patients as: ""floppy means the body is weak and loose, like a rag doll.""","No source recorded","clinician","NEEDS CLINICIAN REVIEW","app/lib/knowledge/glossary.ts","","","",""
"GL-seizure","glossary","""fits (seizures)""","Explained to patients as: ""fits (seizures) means sudden shaking of the body that cannot be controlled, or suddenly going stiff and not responding.""","No source recorded","clinician","NEEDS CLINICIAN REVIEW","app/lib/knowledge/glossary.ts","","","",""
"GL-numb","glossary","""numbness""","Explained to patients as: ""numbness means loss of feeling, like pins and needles.""","No source recorded","clinician","NEEDS CLINICIAN REVIEW","app/lib/knowledge/glossary.ts","","","",""
"GL-weak","glossary","""weakness""","Explained to patients as: ""weakness means less strength than normal.""","No source recorded","clinician","NEEDS CLINICIAN REVIEW","app/lib/knowledge/glossary.ts","","","",""
"GL-swelling","glossary","""swelling""","Explained to patients as: ""swelling means puffed up, bigger than normal.""","No source recorded","clinician","NEEDS CLINICIAN REVIEW","app/lib/knowledge/glossary.ts","","","",""
"GL-night-sweats","glossary","""night sweats""","Explained to patients as: ""night sweats means waking up wet with sweat at night.""","No source recorded","clinician","NEEDS CLINICIAN REVIEW","app/lib/knowledge/glossary.ts","","","",""
"GL-weight-loss","glossary","""weight loss""","Explained to patients as: ""weight loss means getting thinner without trying to.""","No source recorded","clinician","NEEDS CLINICIAN REVIEW","app/lib/knowledge/glossary.ts","","","",""
"GL-dehydration","glossary","""dehydration""","Explained to patients as: ""dehydration means the body has lost too much water.""","No source recorded","clinician","NEEDS CLINICIAN REVIEW","app/lib/knowledge/glossary.ts","","","",""
"GL-jaundice","glossary","""yellow eyes or skin""","Explained to patients as: ""yellow eyes or skin means the white of the eyes or the skin looks yellow.""","No source recorded","clinician","NEEDS CLINICIAN REVIEW","app/lib/knowledge/glossary.ts","","","",""
"GL-rash-not-fading","glossary","""rash that does not fade""","Explained to patients as: ""rash that does not fade means spots on the skin that stay red when you press on them.""","No source recorded","clinician","NEEDS CLINICIAN REVIEW","app/lib/knowledge/glossary.ts","","","",""
"GL-rash","glossary","""rash""","Explained to patients as: ""rash means red or raised spots or patches on the skin.""","No source recorded","clinician","NEEDS CLINICIAN REVIEW","app/lib/knowledge/glossary.ts","","","",""
"GL-stiff-neck","glossary","""stiff neck""","Explained to patients as: ""stiff neck means the neck hurts and is hard to bend forward.""","No source recorded","clinician","NEEDS CLINICIAN REVIEW","app/lib/knowledge/glossary.ts","","","",""
"GL-bleeding","glossary","""bleeding""","Explained to patients as: ""bleeding means blood coming out of the body.""","No source recorded","clinician","NEEDS CLINICIAN REVIEW","app/lib/knowledge/glossary.ts","","","",""
"GL-vomit","glossary","""vomiting""","Explained to patients as: ""vomiting means throwing up — food or liquid coming back out of the mouth.""","No source recorded","clinician","NEEDS CLINICIAN REVIEW","app/lib/knowledge/glossary.ts","","","",""
"GL-nausea","glossary","""nausea""","Explained to patients as: ""nausea means feeling like you are going to throw up.""","No source recorded","clinician","NEEDS CLINICIAN REVIEW","app/lib/knowledge/glossary.ts","","","",""
"GL-diarrhoea","glossary","""diarrhoea""","Explained to patients as: ""diarrhoea means loose, watery stools (toilet) many times a day.""","No source recorded","clinician","NEEDS CLINICIAN REVIEW","app/lib/knowledge/glossary.ts","","","",""
"GL-constipation","glossary","""constipation""","Explained to patients as: ""constipation means finding it hard to pass stools, or going less often than usual.""","No source recorded","clinician","NEEDS CLINICIAN REVIEW","app/lib/knowledge/glossary.ts","","","",""
"GL-stools","glossary","""stools""","Explained to patients as: ""stools means what comes out when you go to the toilet.""","No source recorded","clinician","NEEDS CLINICIAN REVIEW","app/lib/knowledge/glossary.ts","","","",""
"GL-urine","glossary","""urine""","Explained to patients as: ""urine means pee (passing water).""","No source recorded","clinician","NEEDS CLINICIAN REVIEW","app/lib/knowledge/glossary.ts","","","",""
"GL-fluids","glossary","""fluids""","Explained to patients as: ""fluids means anything you drink, like water, tea or soup.""","No source recorded","clinician","NEEDS CLINICIAN REVIEW","app/lib/knowledge/glossary.ts","","","",""
"GL-palpitations","glossary","""palpitations""","Explained to patients as: ""palpitations means the heart feels like it is racing, thumping, or skipping beats.""","No source recorded","clinician","NEEDS CLINICIAN REVIEW","app/lib/knowledge/glossary.ts","","","",""
"GL-blood-pressure","glossary","""blood pressure""","Explained to patients as: ""blood pressure means the pressure of blood in the body, measured with a cuff on the arm.""","No source recorded","clinician","NEEDS CLINICIAN REVIEW","app/lib/knowledge/glossary.ts","","","",""
"GL-high-bp","glossary","""high blood pressure""","Explained to patients as: ""high blood pressure means blood pressure that stays higher than normal; it often causes no symptoms.""","No source recorded","clinician","NEEDS CLINICIAN REVIEW","app/lib/knowledge/glossary.ts","","","",""
"GL-contractions","glossary","""contractions""","Explained to patients as: ""contractions means the belly tightening again and again with pain, as happens in labour.""","No source recorded","clinician","NEEDS CLINICIAN REVIEW","app/lib/knowledge/glossary.ts","","","",""
"GL-discharge","glossary","""discharge""","Explained to patients as: ""discharge means fluid coming out of the body, for example from the vagina or a wound.""","No source recorded","clinician","NEEDS CLINICIAN REVIEW","app/lib/knowledge/glossary.ts","","","",""
"GL-water-broken","glossary","""water has broken""","Explained to patients as: ""water has broken means a gush or steady leak of fluid from the vagina during pregnancy.""","No source recorded","clinician","NEEDS CLINICIAN REVIEW","app/lib/knowledge/glossary.ts","","","",""
"GL-postpartum","glossary","""gave birth in the last 6 weeks""","Explained to patients as: ""gave birth in the last 6 weeks means the weeks after having a baby.""","No source recorded","clinician","NEEDS CLINICIAN REVIEW","app/lib/knowledge/glossary.ts","","","",""
"GL-breastfeed","glossary","""breastfeeding""","Explained to patients as: ""breastfeeding means feeding a baby milk from the breast.""","No source recorded","clinician","NEEDS CLINICIAN REVIEW","app/lib/knowledge/glossary.ts","","","",""
"GL-allergy","glossary","""allergy""","Explained to patients as: ""allergy means when the body reacts badly to something, like a medicine or food — for example with a rash, swelling or difficulty breathing.""","No source recorded","clinician","NEEDS CLINICIAN REVIEW","app/lib/knowledge/glossary.ts","","","",""
"GL-chronic","glossary","""long-term condition""","Explained to patients as: ""long-term condition means a health problem that lasts a long time, like diabetes or high blood pressure.""","No source recorded","clinician","NEEDS CLINICIAN REVIEW","app/lib/knowledge/glossary.ts","","","",""
"GL-diabetes","glossary","""diabetes""","Explained to patients as: ""diabetes means a long-term condition where the sugar in the blood stays too high.""","No source recorded","clinician","NEEDS CLINICIAN REVIEW","app/lib/knowledge/glossary.ts","","","",""
"GL-immune","glossary","""weak immune system""","Explained to patients as: ""weak immune system means the body's defence against infection is weaker than usual, for example because of HIV, cancer treatment or steroid medicines.""","No source recorded","clinician","NEEDS CLINICIAN REVIEW","app/lib/knowledge/glossary.ts","","","",""
"GL-steroids","glossary","""steroid medicines""","Explained to patients as: ""steroid medicines means strong medicines that reduce swelling; long use can weaken the body's defence against infection.""","No source recorded","clinician","NEEDS CLINICIAN REVIEW","app/lib/knowledge/glossary.ts","","","",""
"GL-medicines","glossary","""medicines""","Explained to patients as: ""medicines means tablets, syrups, injections, inhalers or creams you take for your health.""","No source recorded","clinician","NEEDS CLINICIAN REVIEW","app/lib/knowledge/glossary.ts","","","",""
"GL-prescription","glossary","""prescription""","Explained to patients as: ""prescription means a note from a doctor saying which medicine to take.""","No source recorded","clinician","NEEDS CLINICIAN REVIEW","app/lib/knowledge/glossary.ts","","","",""
"GL-antibiotic","glossary","""antibiotics""","Explained to patients as: ""antibiotics means medicines that kill bacteria; they do not work against viruses like a cold.""","No source recorded","clinician","NEEDS CLINICIAN REVIEW","app/lib/knowledge/glossary.ts","","","",""
"GL-symptom","glossary","""symptom""","Explained to patients as: ""symptom means something you feel or notice that is not normal for you, like pain or a cough.""","No source recorded","clinician","NEEDS CLINICIAN REVIEW","app/lib/knowledge/glossary.ts","","","",""
"GL-infection","glossary","""infection""","Explained to patients as: ""infection means when germs get into the body and cause illness.""","No source recorded","clinician","NEEDS CLINICIAN REVIEW","app/lib/knowledge/glossary.ts","","","",""
"GL-jhum","glossary","""jhum fields""","Explained to patients as: ""jhum fields means shifting-cultivation fields.""","No source recorded","clinician","NEEDS CLINICIAN REVIEW","app/lib/knowledge/glossary.ts","","","",""
"GL-asha","glossary","""ASHA""","Explained to patients as: ""ASHA means a trained community health worker in your village or area.""","No source recorded","clinician","NEEDS CLINICIAN REVIEW","app/lib/knowledge/glossary.ts","","","",""
"GL-health-professional","glossary","""healthcare professional""","Explained to patients as: ""healthcare professional means a doctor, nurse or trained health worker.""","No source recorded","clinician","NEEDS CLINICIAN REVIEW","app/lib/knowledge/glossary.ts","","","",""
"ED-tb-free","education","Is TB treatment free?","Answer given: ""Yes. Under the National TB Elimination Programme, tests and medicines are free at government health facilities. Patients may also receive money for nutrition support."" (from Tuberculosis (TB))","No source recorded","clinician","NEEDS CLINICIAN REVIEW","app/lib/education.ts + app/content/","","","",""
"ED-tb-finish","education","Why should I finish my TB medicine?","Answer given: ""TB can be cured. Treatment usually takes at least 6 months. It is very important to take every dose and finish the full course, even after you feel better. Stopping early can cause drug-resistant TB, which is much harder to treat."" (from Tuberculosis (TB))","No source recorded","clinician","NEEDS CLINICIAN REVIEW","app/lib/education.ts + app/content/","","","",""
"ED-tb-spread","education","How does TB spread?","Answer given: ""Tuberculosis (TB) is caused by germs that usually attack the lungs, but can affect any part of the body. It spreads through the air when a person with TB of the lungs coughs, sneezes, or talks."" (from Tuberculosis (TB))","No source recorded","clinician","NEEDS CLINICIAN REVIEW","app/lib/education.ts + app/content/","","","",""
"ED-tb-what","education","What is TB?","Answer given: ""Tuberculosis (TB) is caused by germs that usually attack the lungs, but can affect any part of the body. It spreads through the air when a person with TB of the lungs coughs, sneezes, or talks. TB is a serious infection, but it can be cured with free treatment. A cough lasting more than 2 weeks should always be tested."" (from Tuberculosis (TB))","No source recorded","clinician","NEEDS CLINICIAN REVIEW","app/lib/education.ts + app/content/","","","",""
"ED-hiv-spread","education","How does HIV spread?","Answer given: ""Mizoram has the highest rate of HIV among Indian states. Sharing needles while injecting drugs and unprotected sex are the main ways it spreads here. Free testing is available at every district hospital, and free ART treatment is available in the state. HIV does not spread through everyday contact, food, water, or mosquito bites."" (from HIV & AIDS)","No source recorded","clinician","NEEDS CLINICIAN REVIEW","app/lib/education.ts + app/content/","","","",""
"ED-hiv-test","education","Where can I get an HIV test?","Answer given: ""At any Integrated Counselling and Testing Centre (ICTC) in government hospitals. The test is free, quick, and confidential. You can also call 1097 for guidance."" (from HIV & AIDS)","No source recorded","clinician","NEEDS CLINICIAN REVIEW","app/lib/education.ts + app/content/","","","",""
"ED-hiv-pep","education","What is PEP?","Answer given: ""PEP (post-exposure prophylaxis) is a short course of medicine taken after a possible exposure to HIV. It must be started within 72 hours — the sooner the better. Ask at a government hospital."" (from HIV & AIDS)","No source recorded","clinician","NEEDS CLINICIAN REVIEW","app/lib/education.ts + app/content/","","","",""
"ED-hiv-what","education","What is HIV?","Answer given: ""HIV (human immunodeficiency virus) attacks the body's defence system. Without treatment, it slowly weakens the body until it cannot fight infections. This late stage is called AIDS. There is no cure yet, but medicine called ART (antiretroviral therapy) keeps HIV under control. People who take ART every day can live a normal lifespan. When the virus is kept very low (undetectable), they do not pass HIV to their partners through sex."" (from HIV & AIDS)","No source recorded","clinician","NEEDS CLINICIAN REVIEW","app/lib/education.ts + app/content/","","","",""
"ED-bp-what","education","What does blood pressure mean?","Answer given: ""The top number is the pressure when your heart beats; the bottom number is when it rests. Below 120/80 is normal. 140/90 or above usually means high blood pressure and needs a doctor's advice. High blood pressure is called the 'silent killer' because it usually has no symptoms. The only way to know your blood pressure is to check it."" (from Heart Health)","No source recorded","clinician","NEEDS CLINICIAN REVIEW","app/lib/education.ts + app/content/","","","",""
"ED-heart-attack","education","What is a heart attack?","Answer given: ""A heart attack happens when blood flow to part of the heart is blocked. A stroke happens when blood flow to part of the brain is blocked or a blood vessel bursts. Both are emergencies — every minute counts."" (from Heart Health)","No source recorded","clinician","NEEDS CLINICIAN REVIEW","app/lib/education.ts + app/content/","","","",""
"ED-dengue-painkillers","education","Can I take painkillers for dengue?","Answer given: ""Do not take aspirin or ibuprofen if dengue is possible — they can increase bleeding. Ask a doctor what is safe, rest, and drink plenty of fluids."" (from Malaria & Dengue)","No source recorded","clinician","NEEDS CLINICIAN REVIEW","app/lib/education.ts + app/content/","","","",""
"ED-dengue-what","education","What is dengue?","Answer given: ""Dengue is caused by a virus carried by Aedes mosquitoes, which breed in clean water collected in containers, tyres, and pots. Most people recover, but some develop severe dengue with bleeding and shock."" (from Malaria & Dengue)","No source recorded","clinician","NEEDS CLINICIAN REVIEW","app/lib/education.ts + app/content/","","","",""
"ED-malaria-test","education","Where can I get a malaria test?","Answer given: ""At any government health centre, and from ASHAs in many villages using a rapid test. Testing and treatment are free."" (from Malaria & Dengue)","No source recorded","clinician","NEEDS CLINICIAN REVIEW","app/lib/education.ts + app/content/","","","",""
"ED-malaria-what","education","What is malaria?","Answer given: ""Malaria is caused by a parasite carried by Anopheles mosquitoes. It causes fever with chills and can become severe within a day, especially in children and pregnant women. Malaria can be cured if treated early. Any fever during the rainy season should be tested. A quick blood test can tell if it is malaria."" (from Malaria & Dengue)","No source recorded","clinician","NEEDS CLINICIAN REVIEW","app/lib/education.ts + app/content/","","","",""
"ED-diabetes-what","education","What is diabetes?","Answer given: ""When you eat, your body turns food into sugar (glucose) for energy. A hormone called insulin helps sugar move from the blood into your cells. In diabetes, the body does not make enough insulin or cannot use it well, so sugar builds up in the blood."" (from Diabetes Awareness)","No source recorded","clinician","NEEDS CLINICIAN REVIEW","app/lib/education.ts + app/content/","","","",""
"ED-library","education","Health Library passages used to answer questions (235)","Topic pages in app/content/ are split into passages; the virtual doctor quotes them word for word with the page's own sources. Review the topic pages themselves.","No source recorded","clinician","NEEDS CLINICIAN REVIEW","app/content/*.ts, app/lib/knowledge/index.ts","","","",""
"HL-ambulance-108","helpline","108 Ambulance: 108","Shown as a tap-to-call number. Purpose: Free emergency ambulance.","Emergency Response Services (108 ambulance) under the National Health Mission — National Health Mission, Ministry of Health & Family Welfare (not yet checked)","government","NEEDS GOVERNMENT VERIFICATION","app/lib/services.ts (via app/lib/helplines.ts)","","","",""
"HL-erss-112","helpline","112 Emergency: 112","Shown as a tap-to-call number. Purpose: National emergency number for police, fire, and medical help.","Emergency Response Support System (Dial 112) — Ministry of Home Affairs, Government of India (not yet checked)","government","NEEDS GOVERNMENT VERIFICATION","app/lib/services.ts (via app/lib/helplines.ts)","","","",""
"HL-telemanas","helpline","Tele-MANAS: 14416","Shown as a tap-to-call number. Purpose: Free, confidential mental health support, 24 hours a day.","Tele-MANAS — National Tele Mental Health Programme — Ministry of Health & Family Welfare (not yet checked)","government","NEEDS GOVERNMENT VERIFICATION","app/lib/services.ts (via app/lib/helplines.ts)","","","",""
"HL-tb-helpline","helpline","TB Helpline (Ni-kshay Sampark): 1800-11-6666","Shown as a tap-to-call number. Purpose: Free information about TB testing and treatment.","Ni-kshay Sampark — national TB helpline 1800-11-6666 — Central TB Division, Ministry of Health & Family Welfare (not yet checked)","government","NEEDS GOVERNMENT VERIFICATION","app/lib/services.ts (via app/lib/helplines.ts)","","","",""
"HL-aids-helpline","helpline","National AIDS Helpline: 1097","Shown as a tap-to-call number. Purpose: Free, confidential information about HIV.","National AIDS Helpline 1097 — National AIDS Control Organisation (not yet checked)","government","NEEDS GOVERNMENT VERIFICATION","app/lib/services.ts (via app/lib/helplines.ts)","","","",""
"HL-quitline","helpline","National Tobacco Quitline: 1800-11-2356","Shown as a tap-to-call number. Purpose: Free help to quit tobacco.","National Tobacco Control Programme — National Tobacco Quitline Services — Ministry of Health & Family Welfare (not yet checked)","government","NEEDS GOVERNMENT VERIFICATION","app/lib/services.ts (via app/lib/helplines.ts)","","","",""
"FAC-civil-hospital-aizawl","facility","Civil Hospital Aizawl (Aizawl)","Only fields with evidence are shown. Needed: facility level, ownership, address, phone, emergency availability, services, location.","No source recorded","government","NEEDS GOVERNMENT VERIFICATION","app/ai-hospital/data/hospitals.ts","","","",""
"FAC-zoram-medical-college","facility","Zoram Medical College (Aizawl)","Only fields with evidence are shown. Needed: facility level, ownership, address, phone, emergency availability, services, location.","No source recorded","government","NEEDS GOVERNMENT VERIFICATION","app/ai-hospital/data/hospitals.ts","","","",""
"FAC-mizoram-state-cancer-institute","facility","Mizoram State Cancer Institute (Aizawl)","Only fields with evidence are shown. Needed: facility level, ownership, address, phone, emergency availability, services, location.","No source recorded","government","NEEDS GOVERNMENT VERIFICATION","app/ai-hospital/data/hospitals.ts","","","",""
"TC-esanjeevani","teleconsult","eSanjeevani","Address and how-to steps are hidden until checked. Waiting to be checked: Access via website and mobile app; Registration with mobile number and OTP; Patient joins a queue for a video consultation with a doctor; e-prescription provided after consultation; Free of charge; Operating hours and specialities offered.","eSanjeevani — National Telemedicine Service — Ministry of Health & Family Welfare (not yet checked)","government","NEEDS GOVERNMENT VERIFICATION","app/ai-hospital/data/teleconsult.ts","","","",""
